Address,Dec Value,Hex Value,Instruction
0,DEC 0,HEX 0,AND 0
1,DEC 0,HEX 0,AND 0
2,DEC 0,HEX 0,AND 0
3,DEC 0,HEX 0,AND 0
4,DEC 0,HEX 0,AND 0
5,DEC 0,HEX 0,AND 0
6,DEC 0,HEX 0,AND 0
7,DEC 0,HEX 0,AND 0
8,DEC 0,HEX 0,AND 0
9,DEC 0,HEX 0,AND 0
10,DEC 0,HEX 0,AND 0
11,DEC 0,HEX 0,AND 0
12,DEC 0,HEX 0,AND 0
13,DEC 0,HEX 0,AND 0
14,DEC 0,HEX 0,AND 0
15,DEC 0,HEX 0,AND 0
16,DEC 0,HEX 0,AND 0
17,DEC 0,HEX 0,AND 0
18,DEC 0,HEX 0,AND 0
19,DEC 0,HEX 0,AND 0
20,DEC 0,HEX 0,AND 0
21,DEC 0,HEX 0,AND 0
22,DEC 0,HEX 0,AND 0
23,DEC 0,HEX 0,AND 0
24,DEC 0,HEX 0,AND 0
25,DEC 0,HEX 0,AND 0
26,DEC 0,HEX 0,AND 0
27,DEC 0,HEX 0,AND 0
28,DEC 0,HEX 0,AND 0
29,DEC 0,HEX 0,AND 0
30,DEC 0,HEX 0,AND 0
31,DEC 0,HEX 0,AND 0
32,DEC 0,HEX 0,AND 0
33,DEC 0,HEX 0,AND 0
34,DEC 0,HEX 0,AND 0
35,DEC 0,HEX 0,AND 0
36,DEC 0,HEX 0,AND 0
37,DEC 0,HEX 0,AND 0
38,DEC 0,HEX 0,AND 0
39,DEC 0,HEX 0,AND 0
40,DEC 0,HEX 0,AND 0
41,DEC 0,HEX 0,AND 0
42,DEC 0,HEX 0,AND 0
43,DEC 0,HEX 0,AND 0
44,DEC 0,HEX 0,AND 0
45,DEC 0,HEX 0,AND 0
46,DEC 0,HEX 0,AND 0
47,DEC 0,HEX 0,AND 0
48,DEC 0,HEX 0,AND 0
49,DEC 0,HEX 0,AND 0
50,DEC 0,HEX 0,AND 0
51,DEC 0,HEX 0,AND 0
52,DEC 0,HEX 0,AND 0
53,DEC 0,HEX 0,AND 0
54,DEC 0,HEX 0,AND 0
55,DEC 0,HEX 0,AND 0
56,DEC 0,HEX 0,AND 0
57,DEC 0,HEX 0,AND 0
58,DEC 0,HEX 0,AND 0
59,DEC 0,HEX 0,AND 0
60,DEC 0,HEX 0,AND 0
61,DEC 0,HEX 0,AND 0
62,DEC 0,HEX 0,AND 0
63,DEC 0,HEX 0,AND 0
64,DEC 0,HEX 0,AND 0
65,DEC 0,HEX 0,AND 0
66,DEC 0,HEX 0,AND 0
67,DEC 0,HEX 0,AND 0
68,DEC 0,HEX 0,AND 0
69,DEC 0,HEX 0,AND 0
70,DEC 0,HEX 0,AND 0
71,DEC 0,HEX 0,AND 0
72,DEC 0,HEX 0,AND 0
73,DEC 0,HEX 0,AND 0
74,DEC 0,HEX 0,AND 0
75,DEC 0,HEX 0,AND 0
76,DEC 0,HEX 0,AND 0
77,DEC 0,HEX 0,AND 0
78,DEC 0,HEX 0,AND 0
79,DEC 0,HEX 0,AND 0
80,DEC 0,HEX 0,AND 0
81,DEC 0,HEX 0,AND 0
82,DEC 0,HEX 0,AND 0
83,DEC 0,HEX 0,AND 0
84,DEC 0,HEX 0,AND 0
85,DEC 0,HEX 0,AND 0
86,DEC 0,HEX 0,AND 0
87,DEC 0,HEX 0,AND 0
88,DEC 0,HEX 0,AND 0
89,DEC 0,HEX 0,AND 0
90,DEC 0,HEX 0,AND 0
91,DEC 0,HEX 0,AND 0
92,DEC 0,HEX 0,AND 0
93,DEC 0,HEX 0,AND 0
94,DEC 0,HEX 0,AND 0
95,DEC 0,HEX 0,AND 0
96,DEC 0,HEX 0,AND 0
97,DEC 0,HEX 0,AND 0
98,DEC 0,HEX 0,AND 0
99,DEC 0,HEX 0,AND 0
100,DEC 0,HEX 0,AND 0
101,DEC 0,HEX 0,AND 0
102,DEC 0,HEX 0,AND 0
103,DEC 0,HEX 0,AND 0
104,DEC 0,HEX 0,AND 0
105,DEC 0,HEX 0,AND 0
106,DEC 0,HEX 0,AND 0
107,DEC 0,HEX 0,AND 0
108,DEC 0,HEX 0,AND 0
109,DEC 0,HEX 0,AND 0
110,DEC 0,HEX 0,AND 0
111,DEC 0,HEX 0,AND 0
112,DEC 0,HEX 0,AND 0
113,DEC 0,HEX 0,AND 0
114,DEC 0,HEX 0,AND 0
115,DEC 0,HEX 0,AND 0
116,DEC 0,HEX 0,AND 0
117,DEC 0,HEX 0,AND 0
118,DEC 0,HEX 0,AND 0
119,DEC 0,HEX 0,AND 0
120,DEC 0,HEX 0,AND 0
121,DEC 0,HEX 0,AND 0
122,DEC 0,HEX 0,AND 0
123,DEC 0,HEX 0,AND 0
124,DEC 0,HEX 0,AND 0
125,DEC 0,HEX 0,AND 0
126,DEC 0,HEX 0,AND 0
127,DEC 0,HEX 0,AND 0
128,DEC 0,HEX 0,AND 0
129,DEC 0,HEX 0,AND 0
130,DEC 0,HEX 0,AND 0
131,DEC 0,HEX 0,AND 0
132,DEC 0,HEX 0,AND 0
133,DEC 0,HEX 0,AND 0
134,DEC 0,HEX 0,AND 0
135,DEC 0,HEX 0,AND 0
136,DEC 0,HEX 0,AND 0
137,DEC 0,HEX 0,AND 0
138,DEC 0,HEX 0,AND 0
139,DEC 0,HEX 0,AND 0
140,DEC 0,HEX 0,AND 0
141,DEC 0,HEX 0,AND 0
142,DEC 0,HEX 0,AND 0
143,DEC 0,HEX 0,AND 0
144,DEC 0,HEX 0,AND 0
145,DEC 0,HEX 0,AND 0
146,DEC 0,HEX 0,AND 0
147,DEC 0,HEX 0,AND 0
148,DEC 0,HEX 0,AND 0
149,DEC 0,HEX 0,AND 0
150,DEC 0,HEX 0,AND 0
151,DEC 0,HEX 0,AND 0
152,DEC 0,HEX 0,AND 0
153,DEC 0,HEX 0,AND 0
154,DEC 0,HEX 0,AND 0
155,DEC 0,HEX 0,AND 0
156,DEC 0,HEX 0,AND 0
157,DEC 0,HEX 0,AND 0
158,DEC 0,HEX 0,AND 0
159,DEC 0,HEX 0,AND 0
160,DEC 0,HEX 0,AND 0
161,DEC 0,HEX 0,AND 0
162,DEC 0,HEX 0,AND 0
163,DEC 0,HEX 0,AND 0
164,DEC 0,HEX 0,AND 0
165,DEC 0,HEX 0,AND 0
166,DEC 0,HEX 0,AND 0
167,DEC 0,HEX 0,AND 0
168,DEC 0,HEX 0,AND 0
169,DEC 0,HEX 0,AND 0
170,DEC 0,HEX 0,AND 0
171,DEC 0,HEX 0,AND 0
172,DEC 0,HEX 0,AND 0
173,DEC 0,HEX 0,AND 0
174,DEC 0,HEX 0,AND 0
175,DEC 0,HEX 0,AND 0
176,DEC 0,HEX 0,AND 0
177,DEC 0,HEX 0,AND 0
178,DEC 0,HEX 0,AND 0
179,DEC 0,HEX 0,AND 0
180,DEC 0,HEX 0,AND 0
181,DEC 0,HEX 0,AND 0
182,DEC 0,HEX 0,AND 0
183,DEC 0,HEX 0,AND 0
184,DEC 0,HEX 0,AND 0
185,DEC 0,HEX 0,AND 0
186,DEC 0,HEX 0,AND 0
187,DEC 0,HEX 0,AND 0
188,DEC 0,HEX 0,AND 0
189,DEC 0,HEX 0,AND 0
190,DEC 0,HEX 0,AND 0
191,DEC 0,HEX 0,AND 0
192,DEC 0,HEX 0,AND 0
193,DEC 0,HEX 0,AND 0
194,DEC 0,HEX 0,AND 0
195,DEC 0,HEX 0,AND 0
196,DEC 0,HEX 0,AND 0
197,DEC 0,HEX 0,AND 0
198,DEC 0,HEX 0,AND 0
199,DEC 0,HEX 0,AND 0
200,DEC 30720,HEX 7800,CLA
201,DEC 12586,HEX 312a,STA 298
202,DEC 8490,HEX 212a,LDA 298
203,DEC 29184,HEX 7200,CMA
204,DEC 4395,HEX 112b,ADD 299
205,DEC 28688,HEX 7010,SPA
206,DEC 16600,HEX 40d8,BUN 216
207,DEC 8489,HEX 2129,LDA 297
208,DEC 4394,HEX 112a,ADD 298
209,DEC 12584,HEX 3128,STA 296
210,DEC 8487,HEX 2127,LDA 295
211,DEC 45352,HEX b128,STA* 296
212,DEC 8490,HEX 212a,LDA 298
213,DEC 28704,HEX 7020,INC
214,DEC 12586,HEX 312a,STA 298
215,DEC 16586,HEX 40ca,BUN 202
216,DEC 28673,HEX 7001,HLT
217,DEC 0,HEX 0,AND 0
218,DEC 0,HEX 0,AND 0
219,DEC 0,HEX 0,AND 0
220,DEC 0,HEX 0,AND 0
221,DEC 0,HEX 0,AND 0
222,DEC 0,HEX 0,AND 0
223,DEC 0,HEX 0,AND 0
224,DEC 0,HEX 0,AND 0
225,DEC 0,HEX 0,AND 0
226,DEC 0,HEX 0,AND 0
227,DEC 0,HEX 0,AND 0
228,DEC 0,HEX 0,AND 0
229,DEC 0,HEX 0,AND 0
230,DEC 0,HEX 0,AND 0
231,DEC 0,HEX 0,AND 0
232,DEC 0,HEX 0,AND 0
233,DEC 0,HEX 0,AND 0
234,DEC 0,HEX 0,AND 0
235,DEC 0,HEX 0,AND 0
236,DEC 0,HEX 0,AND 0
237,DEC 0,HEX 0,AND 0
238,DEC 0,HEX 0,AND 0
239,DEC 0,HEX 0,AND 0
240,DEC 0,HEX 0,AND 0
241,DEC 0,HEX 0,AND 0
242,DEC 0,HEX 0,AND 0
243,DEC 0,HEX 0,AND 0
244,DEC 0,HEX 0,AND 0
245,DEC 0,HEX 0,AND 0
246,DEC 0,HEX 0,AND 0
247,DEC 0,HEX 0,AND 0
248,DEC 0,HEX 0,AND 0
249,DEC 0,HEX 0,AND 0
250,DEC 0,HEX 0,AND 0
251,DEC 0,HEX 0,AND 0
252,DEC 0,HEX 0,AND 0
253,DEC 0,HEX 0,AND 0
254,DEC 0,HEX 0,AND 0
255,DEC 0,HEX 0,AND 0
256,DEC 0,HEX 0,AND 0
257,DEC 0,HEX 0,AND 0
258,DEC 0,HEX 0,AND 0
259,DEC 0,HEX 0,AND 0
260,DEC 0,HEX 0,AND 0
261,DEC 0,HEX 0,AND 0
262,DEC 0,HEX 0,AND 0
263,DEC 0,HEX 0,AND 0
264,DEC 0,HEX 0,AND 0
265,DEC 0,HEX 0,AND 0
266,DEC 0,HEX 0,AND 0
267,DEC 0,HEX 0,AND 0
268,DEC 0,HEX 0,AND 0
269,DEC 0,HEX 0,AND 0
270,DEC 0,HEX 0,AND 0
271,DEC 0,HEX 0,AND 0
272,DEC 0,HEX 0,AND 0
273,DEC 0,HEX 0,AND 0
274,DEC 0,HEX 0,AND 0
275,DEC 0,HEX 0,AND 0
276,DEC 0,HEX 0,AND 0
277,DEC 0,HEX 0,AND 0
278,DEC 0,HEX 0,AND 0
279,DEC 0,HEX 0,AND 0
280,DEC 0,HEX 0,AND 0
281,DEC 0,HEX 0,AND 0
282,DEC 0,HEX 0,AND 0
283,DEC 0,HEX 0,AND 0
284,DEC 0,HEX 0,AND 0
285,DEC 0,HEX 0,AND 0
286,DEC 0,HEX 0,AND 0
287,DEC 0,HEX 0,AND 0
288,DEC 0,HEX 0,AND 0
289,DEC 0,HEX 0,AND 0
290,DEC 0,HEX 0,AND 0
291,DEC 0,HEX 0,AND 0
292,DEC 0,HEX 0,AND 0
293,DEC 0,HEX 0,AND 0
294,DEC 0,HEX 0,AND 0
295,DEC 67,HEX 43,AND 67
296,DEC 0,HEX 0,AND 0
297,DEC 300,HEX 12c,AND 300
298,DEC 0,HEX 0,AND 0
299,DEC 10,HEX a,AND 10
300,DEC 0,HEX 0,AND 0
301,DEC 0,HEX 0,AND 0
302,DEC 0,HEX 0,AND 0
303,DEC 0,HEX 0,AND 0
304,DEC 0,HEX 0,AND 0
305,DEC 0,HEX 0,AND 0
306,DEC 0,HEX 0,AND 0
307,DEC 0,HEX 0,AND 0
308,DEC 0,HEX 0,AND 0
309,DEC 0,HEX 0,AND 0
310,DEC 0,HEX 0,AND 0
311,DEC 0,HEX 0,AND 0
312,DEC 0,HEX 0,AND 0
313,DEC 0,HEX 0,AND 0
314,DEC 0,HEX 0,AND 0
315,DEC 0,HEX 0,AND 0
316,DEC 0,HEX 0,AND 0
317,DEC 0,HEX 0,AND 0
318,DEC 0,HEX 0,AND 0
319,DEC 0,HEX 0,AND 0
320,DEC 0,HEX 0,AND 0
321,DEC 0,HEX 0,AND 0
322,DEC 0,HEX 0,AND 0
323,DEC 0,HEX 0,AND 0
324,DEC 0,HEX 0,AND 0
325,DEC 0,HEX 0,AND 0
326,DEC 0,HEX 0,AND 0
327,DEC 0,HEX 0,AND 0
328,DEC 0,HEX 0,AND 0
329,DEC 0,HEX 0,AND 0
330,DEC 0,HEX 0,AND 0
331,DEC 0,HEX 0,AND 0
332,DEC 0,HEX 0,AND 0
333,DEC 0,HEX 0,AND 0
334,DEC 0,HEX 0,AND 0
335,DEC 0,HEX 0,AND 0
336,DEC 0,HEX 0,AND 0
337,DEC 0,HEX 0,AND 0
338,DEC 0,HEX 0,AND 0
339,DEC 0,HEX 0,AND 0
340,DEC 0,HEX 0,AND 0
341,DEC 0,HEX 0,AND 0
342,DEC 0,HEX 0,AND 0
343,DEC 0,HEX 0,AND 0
344,DEC 0,HEX 0,AND 0
345,DEC 0,HEX 0,AND 0
346,DEC 0,HEX 0,AND 0
347,DEC 0,HEX 0,AND 0
348,DEC 0,HEX 0,AND 0
349,DEC 0,HEX 0,AND 0
350,DEC 0,HEX 0,AND 0
351,DEC 0,HEX 0,AND 0
352,DEC 0,HEX 0,AND 0
353,DEC 0,HEX 0,AND 0
354,DEC 0,HEX 0,AND 0
355,DEC 0,HEX 0,AND 0
356,DEC 0,HEX 0,AND 0
357,DEC 0,HEX 0,AND 0
358,DEC 0,HEX 0,AND 0
359,DEC 0,HEX 0,AND 0
360,DEC 0,HEX 0,AND 0
361,DEC 0,HEX 0,AND 0
362,DEC 0,HEX 0,AND 0
363,DEC 0,HEX 0,AND 0
364,DEC 0,HEX 0,AND 0
365,DEC 0,HEX 0,AND 0
366,DEC 0,HEX 0,AND 0
367,DEC 0,HEX 0,AND 0
368,DEC 0,HEX 0,AND 0
369,DEC 0,HEX 0,AND 0
370,DEC 0,HEX 0,AND 0
371,DEC 0,HEX 0,AND 0
372,DEC 0,HEX 0,AND 0
373,DEC 0,HEX 0,AND 0
374,DEC 0,HEX 0,AND 0
375,DEC 0,HEX 0,AND 0
376,DEC 0,HEX 0,AND 0
377,DEC 0,HEX 0,AND 0
378,DEC 0,HEX 0,AND 0
379,DEC 0,HEX 0,AND 0
380,DEC 0,HEX 0,AND 0
381,DEC 0,HEX 0,AND 0
382,DEC 0,HEX 0,AND 0
383,DEC 0,HEX 0,AND 0
384,DEC 0,HEX 0,AND 0
385,DEC 0,HEX 0,AND 0
386,DEC 0,HEX 0,AND 0
387,DEC 0,HEX 0,AND 0
388,DEC 0,HEX 0,AND 0
389,DEC 0,HEX 0,AND 0
390,DEC 0,HEX 0,AND 0
391,DEC 0,HEX 0,AND 0
392,DEC 0,HEX 0,AND 0
393,DEC 0,HEX 0,AND 0
394,DEC 0,HEX 0,AND 0
395,DEC 0,HEX 0,AND 0
396,DEC 0,HEX 0,AND 0
397,DEC 0,HEX 0,AND 0
398,DEC 0,HEX 0,AND 0
399,DEC 0,HEX 0,AND 0
400,DEC 0,HEX 0,AND 0
401,DEC 0,HEX 0,AND 0
402,DEC 0,HEX 0,AND 0
403,DEC 0,HEX 0,AND 0
404,DEC 0,HEX 0,AND 0
405,DEC 0,HEX 0,AND 0
406,DEC 0,HEX 0,AND 0
407,DEC 0,HEX 0,AND 0
408,DEC 0,HEX 0,AND 0
409,DEC 0,HEX 0,AND 0
410,DEC 0,HEX 0,AND 0
411,DEC 0,HEX 0,AND 0
412,DEC 0,HEX 0,AND 0
413,DEC 0,HEX 0,AND 0
414,DEC 0,HEX 0,AND 0
415,DEC 0,HEX 0,AND 0
416,DEC 0,HEX 0,AND 0
417,DEC 0,HEX 0,AND 0
418,DEC 0,HEX 0,AND 0
419,DEC 0,HEX 0,AND 0
420,DEC 0,HEX 0,AND 0
421,DEC 0,HEX 0,AND 0
422,DEC 0,HEX 0,AND 0
423,DEC 0,HEX 0,AND 0
424,DEC 0,HEX 0,AND 0
425,DEC 0,HEX 0,AND 0
426,DEC 0,HEX 0,AND 0
427,DEC 0,HEX 0,AND 0
428,DEC 0,HEX 0,AND 0
429,DEC 0,HEX 0,AND 0
430,DEC 0,HEX 0,AND 0
431,DEC 0,HEX 0,AND 0
432,DEC 0,HEX 0,AND 0
433,DEC 0,HEX 0,AND 0
434,DEC 0,HEX 0,AND 0
435,DEC 0,HEX 0,AND 0
436,DEC 0,HEX 0,AND 0
437,DEC 0,HEX 0,AND 0
438,DEC 0,HEX 0,AND 0
439,DEC 0,HEX 0,AND 0
440,DEC 0,HEX 0,AND 0
441,DEC 0,HEX 0,AND 0
442,DEC 0,HEX 0,AND 0
443,DEC 0,HEX 0,AND 0
444,DEC 0,HEX 0,AND 0
445,DEC 0,HEX 0,AND 0
446,DEC 0,HEX 0,AND 0
447,DEC 0,HEX 0,AND 0
448,DEC 0,HEX 0,AND 0
449,DEC 0,HEX 0,AND 0
450,DEC 0,HEX 0,AND 0
451,DEC 0,HEX 0,AND 0
452,DEC 0,HEX 0,AND 0
453,DEC 0,HEX 0,AND 0
454,DEC 0,HEX 0,AND 0
455,DEC 0,HEX 0,AND 0
456,DEC 0,HEX 0,AND 0
457,DEC 0,HEX 0,AND 0
458,DEC 0,HEX 0,AND 0
459,DEC 0,HEX 0,AND 0
460,DEC 0,HEX 0,AND 0
461,DEC 0,HEX 0,AND 0
462,DEC 0,HEX 0,AND 0
463,DEC 0,HEX 0,AND 0
464,DEC 0,HEX 0,AND 0
465,DEC 0,HEX 0,AND 0
466,DEC 0,HEX 0,AND 0
467,DEC 0,HEX 0,AND 0
468,DEC 0,HEX 0,AND 0
469,DEC 0,HEX 0,AND 0
470,DEC 0,HEX 0,AND 0
471,DEC 0,HEX 0,AND 0
472,DEC 0,HEX 0,AND 0
473,DEC 0,HEX 0,AND 0
474,DEC 0,HEX 0,AND 0
475,DEC 0,HEX 0,AND 0
476,DEC 0,HEX 0,AND 0
477,DEC 0,HEX 0,AND 0
478,DEC 0,HEX 0,AND 0
479,DEC 0,HEX 0,AND 0
480,DEC 0,HEX 0,AND 0
481,DEC 0,HEX 0,AND 0
482,DEC 0,HEX 0,AND 0
483,DEC 0,HEX 0,AND 0
484,DEC 0,HEX 0,AND 0
485,DEC 0,HEX 0,AND 0
486,DEC 0,HEX 0,AND 0
487,DEC 0,HEX 0,AND 0
488,DEC 0,HEX 0,AND 0
489,DEC 0,HEX 0,AND 0
490,DEC 0,HEX 0,AND 0
491,DEC 0,HEX 0,AND 0
492,DEC 0,HEX 0,AND 0
493,DEC 0,HEX 0,AND 0
494,DEC 0,HEX 0,AND 0
495,DEC 0,HEX 0,AND 0
496,DEC 0,HEX 0,AND 0
497,DEC 0,HEX 0,AND 0
498,DEC 0,HEX 0,AND 0
499,DEC 0,HEX 0,AND 0
500,DEC 0,HEX 0,AND 0
501,DEC 0,HEX 0,AND 0
502,DEC 0,HEX 0,AND 0
503,DEC 0,HEX 0,AND 0
504,DEC 0,HEX 0,AND 0
505,DEC 0,HEX 0,AND 0
506,DEC 0,HEX 0,AND 0
507,DEC 0,HEX 0,AND 0
508,DEC 0,HEX 0,AND 0
509,DEC 0,HEX 0,AND 0
510,DEC 0,HEX 0,AND 0
511,DEC 0,HEX 0,AND 0
512,DEC 0,HEX 0,AND 0
513,DEC 0,HEX 0,AND 0
514,DEC 0,HEX 0,AND 0
515,DEC 0,HEX 0,AND 0
516,DEC 0,HEX 0,AND 0
517,DEC 0,HEX 0,AND 0
518,DEC 0,HEX 0,AND 0
519,DEC 0,HEX 0,AND 0
520,DEC 0,HEX 0,AND 0
521,DEC 0,HEX 0,AND 0
522,DEC 0,HEX 0,AND 0
523,DEC 0,HEX 0,AND 0
524,DEC 0,HEX 0,AND 0
525,DEC 0,HEX 0,AND 0
526,DEC 0,HEX 0,AND 0
527,DEC 0,HEX 0,AND 0
528,DEC 0,HEX 0,AND 0
529,DEC 0,HEX 0,AND 0
530,DEC 0,HEX 0,AND 0
531,DEC 0,HEX 0,AND 0
532,DEC 0,HEX 0,AND 0
533,DEC 0,HEX 0,AND 0
534,DEC 0,HEX 0,AND 0
535,DEC 0,HEX 0,AND 0
536,DEC 0,HEX 0,AND 0
537,DEC 0,HEX 0,AND 0
538,DEC 0,HEX 0,AND 0
539,DEC 0,HEX 0,AND 0
540,DEC 0,HEX 0,AND 0
541,DEC 0,HEX 0,AND 0
542,DEC 0,HEX 0,AND 0
543,DEC 0,HEX 0,AND 0
544,DEC 0,HEX 0,AND 0
545,DEC 0,HEX 0,AND 0
546,DEC 0,HEX 0,AND 0
547,DEC 0,HEX 0,AND 0
548,DEC 0,HEX 0,AND 0
549,DEC 0,HEX 0,AND 0
550,DEC 0,HEX 0,AND 0
551,DEC 0,HEX 0,AND 0
552,DEC 0,HEX 0,AND 0
553,DEC 0,HEX 0,AND 0
554,DEC 0,HEX 0,AND 0
555,DEC 0,HEX 0,AND 0
556,DEC 0,HEX 0,AND 0
557,DEC 0,HEX 0,AND 0
558,DEC 0,HEX 0,AND 0
559,DEC 0,HEX 0,AND 0
560,DEC 0,HEX 0,AND 0
561,DEC 0,HEX 0,AND 0
562,DEC 0,HEX 0,AND 0
563,DEC 0,HEX 0,AND 0
564,DEC 0,HEX 0,AND 0
565,DEC 0,HEX 0,AND 0
566,DEC 0,HEX 0,AND 0
567,DEC 0,HEX 0,AND 0
568,DEC 0,HEX 0,AND 0
569,DEC 0,HEX 0,AND 0
570,DEC 0,HEX 0,AND 0
571,DEC 0,HEX 0,AND 0
572,DEC 0,HEX 0,AND 0
573,DEC 0,HEX 0,AND 0
574,DEC 0,HEX 0,AND 0
575,DEC 0,HEX 0,AND 0
576,DEC 0,HEX 0,AND 0
577,DEC 0,HEX 0,AND 0
578,DEC 0,HEX 0,AND 0
579,DEC 0,HEX 0,AND 0
580,DEC 0,HEX 0,AND 0
581,DEC 0,HEX 0,AND 0
582,DEC 0,HEX 0,AND 0
583,DEC 0,HEX 0,AND 0
584,DEC 0,HEX 0,AND 0
585,DEC 0,HEX 0,AND 0
586,DEC 0,HEX 0,AND 0
587,DEC 0,HEX 0,AND 0
588,DEC 0,HEX 0,AND 0
589,DEC 0,HEX 0,AND 0
590,DEC 0,HEX 0,AND 0
591,DEC 0,HEX 0,AND 0
592,DEC 0,HEX 0,AND 0
593,DEC 0,HEX 0,AND 0
594,DEC 0,HEX 0,AND 0
595,DEC 0,HEX 0,AND 0
596,DEC 0,HEX 0,AND 0
597,DEC 0,HEX 0,AND 0
598,DEC 0,HEX 0,AND 0
599,DEC 0,HEX 0,AND 0
600,DEC 0,HEX 0,AND 0
601,DEC 0,HEX 0,AND 0
602,DEC 0,HEX 0,AND 0
603,DEC 0,HEX 0,AND 0
604,DEC 0,HEX 0,AND 0
605,DEC 0,HEX 0,AND 0
606,DEC 0,HEX 0,AND 0
607,DEC 0,HEX 0,AND 0
608,DEC 0,HEX 0,AND 0
609,DEC 0,HEX 0,AND 0
610,DEC 0,HEX 0,AND 0
611,DEC 0,HEX 0,AND 0
612,DEC 0,HEX 0,AND 0
613,DEC 0,HEX 0,AND 0
614,DEC 0,HEX 0,AND 0
615,DEC 0,HEX 0,AND 0
616,DEC 0,HEX 0,AND 0
617,DEC 0,HEX 0,AND 0
618,DEC 0,HEX 0,AND 0
619,DEC 0,HEX 0,AND 0
620,DEC 0,HEX 0,AND 0
621,DEC 0,HEX 0,AND 0
622,DEC 0,HEX 0,AND 0
623,DEC 0,HEX 0,AND 0
624,DEC 0,HEX 0,AND 0
625,DEC 0,HEX 0,AND 0
626,DEC 0,HEX 0,AND 0
627,DEC 0,HEX 0,AND 0
628,DEC 0,HEX 0,AND 0
629,DEC 0,HEX 0,AND 0
630,DEC 0,HEX 0,AND 0
631,DEC 0,HEX 0,AND 0
632,DEC 0,HEX 0,AND 0
633,DEC 0,HEX 0,AND 0
634,DEC 0,HEX 0,AND 0
635,DEC 0,HEX 0,AND 0
636,DEC 0,HEX 0,AND 0
637,DEC 0,HEX 0,AND 0
638,DEC 0,HEX 0,AND 0
639,DEC 0,HEX 0,AND 0
640,DEC 0,HEX 0,AND 0
641,DEC 0,HEX 0,AND 0
642,DEC 0,HEX 0,AND 0
643,DEC 0,HEX 0,AND 0
644,DEC 0,HEX 0,AND 0
645,DEC 0,HEX 0,AND 0
646,DEC 0,HEX 0,AND 0
647,DEC 0,HEX 0,AND 0
648,DEC 0,HEX 0,AND 0
649,DEC 0,HEX 0,AND 0
650,DEC 0,HEX 0,AND 0
651,DEC 0,HEX 0,AND 0
652,DEC 0,HEX 0,AND 0
653,DEC 0,HEX 0,AND 0
654,DEC 0,HEX 0,AND 0
655,DEC 0,HEX 0,AND 0
656,DEC 0,HEX 0,AND 0
657,DEC 0,HEX 0,AND 0
658,DEC 0,HEX 0,AND 0
659,DEC 0,HEX 0,AND 0
660,DEC 0,HEX 0,AND 0
661,DEC 0,HEX 0,AND 0
662,DEC 0,HEX 0,AND 0
663,DEC 0,HEX 0,AND 0
664,DEC 0,HEX 0,AND 0
665,DEC 0,HEX 0,AND 0
666,DEC 0,HEX 0,AND 0
667,DEC 0,HEX 0,AND 0
668,DEC 0,HEX 0,AND 0
669,DEC 0,HEX 0,AND 0
670,DEC 0,HEX 0,AND 0
671,DEC 0,HEX 0,AND 0
672,DEC 0,HEX 0,AND 0
673,DEC 0,HEX 0,AND 0
674,DEC 0,HEX 0,AND 0
675,DEC 0,HEX 0,AND 0
676,DEC 0,HEX 0,AND 0
677,DEC 0,HEX 0,AND 0
678,DEC 0,HEX 0,AND 0
679,DEC 0,HEX 0,AND 0
680,DEC 0,HEX 0,AND 0
681,DEC 0,HEX 0,AND 0
682,DEC 0,HEX 0,AND 0
683,DEC 0,HEX 0,AND 0
684,DEC 0,HEX 0,AND 0
685,DEC 0,HEX 0,AND 0
686,DEC 0,HEX 0,AND 0
687,DEC 0,HEX 0,AND 0
688,DEC 0,HEX 0,AND 0
689,DEC 0,HEX 0,AND 0
690,DEC 0,HEX 0,AND 0
691,DEC 0,HEX 0,AND 0
692,DEC 0,HEX 0,AND 0
693,DEC 0,HEX 0,AND 0
694,DEC 0,HEX 0,AND 0
695,DEC 0,HEX 0,AND 0
696,DEC 0,HEX 0,AND 0
697,DEC 0,HEX 0,AND 0
698,DEC 0,HEX 0,AND 0
699,DEC 0,HEX 0,AND 0
700,DEC 0,HEX 0,AND 0
701,DEC 0,HEX 0,AND 0
702,DEC 0,HEX 0,AND 0
703,DEC 0,HEX 0,AND 0
704,DEC 0,HEX 0,AND 0
705,DEC 0,HEX 0,AND 0
706,DEC 0,HEX 0,AND 0
707,DEC 0,HEX 0,AND 0
708,DEC 0,HEX 0,AND 0
709,DEC 0,HEX 0,AND 0
710,DEC 0,HEX 0,AND 0
711,DEC 0,HEX 0,AND 0
712,DEC 0,HEX 0,AND 0
713,DEC 0,HEX 0,AND 0
714,DEC 0,HEX 0,AND 0
715,DEC 0,HEX 0,AND 0
716,DEC 0,HEX 0,AND 0
717,DEC 0,HEX 0,AND 0
718,DEC 0,HEX 0,AND 0
719,DEC 0,HEX 0,AND 0
720,DEC 0,HEX 0,AND 0
721,DEC 0,HEX 0,AND 0
722,DEC 0,HEX 0,AND 0
723,DEC 0,HEX 0,AND 0
724,DEC 0,HEX 0,AND 0
725,DEC 0,HEX 0,AND 0
726,DEC 0,HEX 0,AND 0
727,DEC 0,HEX 0,AND 0
728,DEC 0,HEX 0,AND 0
729,DEC 0,HEX 0,AND 0
730,DEC 0,HEX 0,AND 0
731,DEC 0,HEX 0,AND 0
732,DEC 0,HEX 0,AND 0
733,DEC 0,HEX 0,AND 0
734,DEC 0,HEX 0,AND 0
735,DEC 0,HEX 0,AND 0
736,DEC 0,HEX 0,AND 0
737,DEC 0,HEX 0,AND 0
738,DEC 0,HEX 0,AND 0
739,DEC 0,HEX 0,AND 0
740,DEC 0,HEX 0,AND 0
741,DEC 0,HEX 0,AND 0
742,DEC 0,HEX 0,AND 0
743,DEC 0,HEX 0,AND 0
744,DEC 0,HEX 0,AND 0
745,DEC 0,HEX 0,AND 0
746,DEC 0,HEX 0,AND 0
747,DEC 0,HEX 0,AND 0
748,DEC 0,HEX 0,AND 0
749,DEC 0,HEX 0,AND 0
750,DEC 0,HEX 0,AND 0
751,DEC 0,HEX 0,AND 0
752,DEC 0,HEX 0,AND 0
753,DEC 0,HEX 0,AND 0
754,DEC 0,HEX 0,AND 0
755,DEC 0,HEX 0,AND 0
756,DEC 0,HEX 0,AND 0
757,DEC 0,HEX 0,AND 0
758,DEC 0,HEX 0,AND 0
759,DEC 0,HEX 0,AND 0
760,DEC 0,HEX 0,AND 0
761,DEC 0,HEX 0,AND 0
762,DEC 0,HEX 0,AND 0
763,DEC 0,HEX 0,AND 0
764,DEC 0,HEX 0,AND 0
765,DEC 0,HEX 0,AND 0
766,DEC 0,HEX 0,AND 0
767,DEC 0,HEX 0,AND 0
768,DEC 0,HEX 0,AND 0
769,DEC 0,HEX 0,AND 0
770,DEC 0,HEX 0,AND 0
771,DEC 0,HEX 0,AND 0
772,DEC 0,HEX 0,AND 0
773,DEC 0,HEX 0,AND 0
774,DEC 0,HEX 0,AND 0
775,DEC 0,HEX 0,AND 0
776,DEC 0,HEX 0,AND 0
777,DEC 0,HEX 0,AND 0
778,DEC 0,HEX 0,AND 0
779,DEC 0,HEX 0,AND 0
780,DEC 0,HEX 0,AND 0
781,DEC 0,HEX 0,AND 0
782,DEC 0,HEX 0,AND 0
783,DEC 0,HEX 0,AND 0
784,DEC 0,HEX 0,AND 0
785,DEC 0,HEX 0,AND 0
786,DEC 0,HEX 0,AND 0
787,DEC 0,HEX 0,AND 0
788,DEC 0,HEX 0,AND 0
789,DEC 0,HEX 0,AND 0
790,DEC 0,HEX 0,AND 0
791,DEC 0,HEX 0,AND 0
792,DEC 0,HEX 0,AND 0
793,DEC 0,HEX 0,AND 0
794,DEC 0,HEX 0,AND 0
795,DEC 0,HEX 0,AND 0
796,DEC 0,HEX 0,AND 0
797,DEC 0,HEX 0,AND 0
798,DEC 0,HEX 0,AND 0
799,DEC 0,HEX 0,AND 0
800,DEC 0,HEX 0,AND 0
801,DEC 0,HEX 0,AND 0
802,DEC 0,HEX 0,AND 0
803,DEC 0,HEX 0,AND 0
804,DEC 0,HEX 0,AND 0
805,DEC 0,HEX 0,AND 0
806,DEC 0,HEX 0,AND 0
807,DEC 0,HEX 0,AND 0
808,DEC 0,HEX 0,AND 0
809,DEC 0,HEX 0,AND 0
810,DEC 0,HEX 0,AND 0
811,DEC 0,HEX 0,AND 0
812,DEC 0,HEX 0,AND 0
813,DEC 0,HEX 0,AND 0
814,DEC 0,HEX 0,AND 0
815,DEC 0,HEX 0,AND 0
816,DEC 0,HEX 0,AND 0
817,DEC 0,HEX 0,AND 0
818,DEC 0,HEX 0,AND 0
819,DEC 0,HEX 0,AND 0
820,DEC 0,HEX 0,AND 0
821,DEC 0,HEX 0,AND 0
822,DEC 0,HEX 0,AND 0
823,DEC 0,HEX 0,AND 0
824,DEC 0,HEX 0,AND 0
825,DEC 0,HEX 0,AND 0
826,DEC 0,HEX 0,AND 0
827,DEC 0,HEX 0,AND 0
828,DEC 0,HEX 0,AND 0
829,DEC 0,HEX 0,AND 0
830,DEC 0,HEX 0,AND 0
831,DEC 0,HEX 0,AND 0
832,DEC 0,HEX 0,AND 0
833,DEC 0,HEX 0,AND 0
834,DEC 0,HEX 0,AND 0
835,DEC 0,HEX 0,AND 0
836,DEC 0,HEX 0,AND 0
837,DEC 0,HEX 0,AND 0
838,DEC 0,HEX 0,AND 0
839,DEC 0,HEX 0,AND 0
840,DEC 0,HEX 0,AND 0
841,DEC 0,HEX 0,AND 0
842,DEC 0,HEX 0,AND 0
843,DEC 0,HEX 0,AND 0
844,DEC 0,HEX 0,AND 0
845,DEC 0,HEX 0,AND 0
846,DEC 0,HEX 0,AND 0
847,DEC 0,HEX 0,AND 0
848,DEC 0,HEX 0,AND 0
849,DEC 0,HEX 0,AND 0
850,DEC 0,HEX 0,AND 0
851,DEC 0,HEX 0,AND 0
852,DEC 0,HEX 0,AND 0
853,DEC 0,HEX 0,AND 0
854,DEC 0,HEX 0,AND 0
855,DEC 0,HEX 0,AND 0
856,DEC 0,HEX 0,AND 0
857,DEC 0,HEX 0,AND 0
858,DEC 0,HEX 0,AND 0
859,DEC 0,HEX 0,AND 0
860,DEC 0,HEX 0,AND 0
861,DEC 0,HEX 0,AND 0
862,DEC 0,HEX 0,AND 0
863,DEC 0,HEX 0,AND 0
864,DEC 0,HEX 0,AND 0
865,DEC 0,HEX 0,AND 0
866,DEC 0,HEX 0,AND 0
867,DEC 0,HEX 0,AND 0
868,DEC 0,HEX 0,AND 0
869,DEC 0,HEX 0,AND 0
870,DEC 0,HEX 0,AND 0
871,DEC 0,HEX 0,AND 0
872,DEC 0,HEX 0,AND 0
873,DEC 0,HEX 0,AND 0
874,DEC 0,HEX 0,AND 0
875,DEC 0,HEX 0,AND 0
876,DEC 0,HEX 0,AND 0
877,DEC 0,HEX 0,AND 0
878,DEC 0,HEX 0,AND 0
879,DEC 0,HEX 0,AND 0
880,DEC 0,HEX 0,AND 0
881,DEC 0,HEX 0,AND 0
882,DEC 0,HEX 0,AND 0
883,DEC 0,HEX 0,AND 0
884,DEC 0,HEX 0,AND 0
885,DEC 0,HEX 0,AND 0
886,DEC 0,HEX 0,AND 0
887,DEC 0,HEX 0,AND 0
888,DEC 0,HEX 0,AND 0
889,DEC 0,HEX 0,AND 0
890,DEC 0,HEX 0,AND 0
891,DEC 0,HEX 0,AND 0
892,DEC 0,HEX 0,AND 0
893,DEC 0,HEX 0,AND 0
894,DEC 0,HEX 0,AND 0
895,DEC 0,HEX 0,AND 0
896,DEC 0,HEX 0,AND 0
897,DEC 0,HEX 0,AND 0
898,DEC 0,HEX 0,AND 0
899,DEC 0,HEX 0,AND 0
900,DEC 0,HEX 0,AND 0
901,DEC 0,HEX 0,AND 0
902,DEC 0,HEX 0,AND 0
903,DEC 0,HEX 0,AND 0
904,DEC 0,HEX 0,AND 0
905,DEC 0,HEX 0,AND 0
906,DEC 0,HEX 0,AND 0
907,DEC 0,HEX 0,AND 0
908,DEC 0,HEX 0,AND 0
909,DEC 0,HEX 0,AND 0
910,DEC 0,HEX 0,AND 0
911,DEC 0,HEX 0,AND 0
912,DEC 0,HEX 0,AND 0
913,DEC 0,HEX 0,AND 0
914,DEC 0,HEX 0,AND 0
915,DEC 0,HEX 0,AND 0
916,DEC 0,HEX 0,AND 0
917,DEC 0,HEX 0,AND 0
918,DEC 0,HEX 0,AND 0
919,DEC 0,HEX 0,AND 0
920,DEC 0,HEX 0,AND 0
921,DEC 0,HEX 0,AND 0
922,DEC 0,HEX 0,AND 0
923,DEC 0,HEX 0,AND 0
924,DEC 0,HEX 0,AND 0
925,DEC 0,HEX 0,AND 0
926,DEC 0,HEX 0,AND 0
927,DEC 0,HEX 0,AND 0
928,DEC 0,HEX 0,AND 0
929,DEC 0,HEX 0,AND 0
930,DEC 0,HEX 0,AND 0
931,DEC 0,HEX 0,AND 0
932,DEC 0,HEX 0,AND 0
933,DEC 0,HEX 0,AND 0
934,DEC 0,HEX 0,AND 0
935,DEC 0,HEX 0,AND 0
936,DEC 0,HEX 0,AND 0
937,DEC 0,HEX 0,AND 0
938,DEC 0,HEX 0,AND 0
939,DEC 0,HEX 0,AND 0
940,DEC 0,HEX 0,AND 0
941,DEC 0,HEX 0,AND 0
942,DEC 0,HEX 0,AND 0
943,DEC 0,HEX 0,AND 0
944,DEC 0,HEX 0,AND 0
945,DEC 0,HEX 0,AND 0
946,DEC 0,HEX 0,AND 0
947,DEC 0,HEX 0,AND 0
948,DEC 0,HEX 0,AND 0
949,DEC 0,HEX 0,AND 0
950,DEC 0,HEX 0,AND 0
951,DEC 0,HEX 0,AND 0
952,DEC 0,HEX 0,AND 0
953,DEC 0,HEX 0,AND 0
954,DEC 0,HEX 0,AND 0
955,DEC 0,HEX 0,AND 0
956,DEC 0,HEX 0,AND 0
957,DEC 0,HEX 0,AND 0
958,DEC 0,HEX 0,AND 0
959,DEC 0,HEX 0,AND 0
960,DEC 0,HEX 0,AND 0
961,DEC 0,HEX 0,AND 0
962,DEC 0,HEX 0,AND 0
963,DEC 0,HEX 0,AND 0
964,DEC 0,HEX 0,AND 0
965,DEC 0,HEX 0,AND 0
966,DEC 0,HEX 0,AND 0
967,DEC 0,HEX 0,AND 0
968,DEC 0,HEX 0,AND 0
969,DEC 0,HEX 0,AND 0
970,DEC 0,HEX 0,AND 0
971,DEC 0,HEX 0,AND 0
972,DEC 0,HEX 0,AND 0
973,DEC 0,HEX 0,AND 0
974,DEC 0,HEX 0,AND 0
975,DEC 0,HEX 0,AND 0
976,DEC 0,HEX 0,AND 0
977,DEC 0,HEX 0,AND 0
978,DEC 0,HEX 0,AND 0
979,DEC 0,HEX 0,AND 0
980,DEC 0,HEX 0,AND 0
981,DEC 0,HEX 0,AND 0
982,DEC 0,HEX 0,AND 0
983,DEC 0,HEX 0,AND 0
984,DEC 0,HEX 0,AND 0
985,DEC 0,HEX 0,AND 0
986,DEC 0,HEX 0,AND 0
987,DEC 0,HEX 0,AND 0
988,DEC 0,HEX 0,AND 0
989,DEC 0,HEX 0,AND 0
990,DEC 0,HEX 0,AND 0
991,DEC 0,HEX 0,AND 0
992,DEC 0,HEX 0,AND 0
993,DEC 0,HEX 0,AND 0
994,DEC 0,HEX 0,AND 0
995,DEC 0,HEX 0,AND 0
996,DEC 0,HEX 0,AND 0
997,DEC 0,HEX 0,AND 0
998,DEC 0,HEX 0,AND 0
999,DEC 0,HEX 0,AND 0
1000,DEC 0,HEX 0,AND 0
1001,DEC 0,HEX 0,AND 0
1002,DEC 0,HEX 0,AND 0
1003,DEC 0,HEX 0,AND 0
1004,DEC 0,HEX 0,AND 0
1005,DEC 0,HEX 0,AND 0
1006,DEC 0,HEX 0,AND 0
1007,DEC 0,HEX 0,AND 0
1008,DEC 0,HEX 0,AND 0
1009,DEC 0,HEX 0,AND 0
1010,DEC 0,HEX 0,AND 0
1011,DEC 0,HEX 0,AND 0
1012,DEC 0,HEX 0,AND 0
1013,DEC 0,HEX 0,AND 0
1014,DEC 0,HEX 0,AND 0
1015,DEC 0,HEX 0,AND 0
1016,DEC 0,HEX 0,AND 0
1017,DEC 0,HEX 0,AND 0
1018,DEC 0,HEX 0,AND 0
1019,DEC 0,HEX 0,AND 0
1020,DEC 0,HEX 0,AND 0
1021,DEC 0,HEX 0,AND 0
1022,DEC 0,HEX 0,AND 0
1023,DEC 0,HEX 0,AND 0
1024,DEC 0,HEX 0,AND 0
1025,DEC 0,HEX 0,AND 0
1026,DEC 0,HEX 0,AND 0
1027,DEC 0,HEX 0,AND 0
1028,DEC 0,HEX 0,AND 0
1029,DEC 0,HEX 0,AND 0
1030,DEC 0,HEX 0,AND 0
1031,DEC 0,HEX 0,AND 0
1032,DEC 0,HEX 0,AND 0
1033,DEC 0,HEX 0,AND 0
1034,DEC 0,HEX 0,AND 0
1035,DEC 0,HEX 0,AND 0
1036,DEC 0,HEX 0,AND 0
1037,DEC 0,HEX 0,AND 0
1038,DEC 0,HEX 0,AND 0
1039,DEC 0,HEX 0,AND 0
1040,DEC 0,HEX 0,AND 0
1041,DEC 0,HEX 0,AND 0
1042,DEC 0,HEX 0,AND 0
1043,DEC 0,HEX 0,AND 0
1044,DEC 0,HEX 0,AND 0
1045,DEC 0,HEX 0,AND 0
1046,DEC 0,HEX 0,AND 0
1047,DEC 0,HEX 0,AND 0
1048,DEC 0,HEX 0,AND 0
1049,DEC 0,HEX 0,AND 0
1050,DEC 0,HEX 0,AND 0
1051,DEC 0,HEX 0,AND 0
1052,DEC 0,HEX 0,AND 0
1053,DEC 0,HEX 0,AND 0
1054,DEC 0,HEX 0,AND 0
1055,DEC 0,HEX 0,AND 0
1056,DEC 0,HEX 0,AND 0
1057,DEC 0,HEX 0,AND 0
1058,DEC 0,HEX 0,AND 0
1059,DEC 0,HEX 0,AND 0
1060,DEC 0,HEX 0,AND 0
1061,DEC 0,HEX 0,AND 0
1062,DEC 0,HEX 0,AND 0
1063,DEC 0,HEX 0,AND 0
1064,DEC 0,HEX 0,AND 0
1065,DEC 0,HEX 0,AND 0
1066,DEC 0,HEX 0,AND 0
1067,DEC 0,HEX 0,AND 0
1068,DEC 0,HEX 0,AND 0
1069,DEC 0,HEX 0,AND 0
1070,DEC 0,HEX 0,AND 0
1071,DEC 0,HEX 0,AND 0
1072,DEC 0,HEX 0,AND 0
1073,DEC 0,HEX 0,AND 0
1074,DEC 0,HEX 0,AND 0
1075,DEC 0,HEX 0,AND 0
1076,DEC 0,HEX 0,AND 0
1077,DEC 0,HEX 0,AND 0
1078,DEC 0,HEX 0,AND 0
1079,DEC 0,HEX 0,AND 0
1080,DEC 0,HEX 0,AND 0
1081,DEC 0,HEX 0,AND 0
1082,DEC 0,HEX 0,AND 0
1083,DEC 0,HEX 0,AND 0
1084,DEC 0,HEX 0,AND 0
1085,DEC 0,HEX 0,AND 0
1086,DEC 0,HEX 0,AND 0
1087,DEC 0,HEX 0,AND 0
1088,DEC 0,HEX 0,AND 0
1089,DEC 0,HEX 0,AND 0
1090,DEC 0,HEX 0,AND 0
1091,DEC 0,HEX 0,AND 0
1092,DEC 0,HEX 0,AND 0
1093,DEC 0,HEX 0,AND 0
1094,DEC 0,HEX 0,AND 0
1095,DEC 0,HEX 0,AND 0
1096,DEC 0,HEX 0,AND 0
1097,DEC 0,HEX 0,AND 0
1098,DEC 0,HEX 0,AND 0
1099,DEC 0,HEX 0,AND 0
1100,DEC 0,HEX 0,AND 0
1101,DEC 0,HEX 0,AND 0
1102,DEC 0,HEX 0,AND 0
1103,DEC 0,HEX 0,AND 0
1104,DEC 0,HEX 0,AND 0
1105,DEC 0,HEX 0,AND 0
1106,DEC 0,HEX 0,AND 0
1107,DEC 0,HEX 0,AND 0
1108,DEC 0,HEX 0,AND 0
1109,DEC 0,HEX 0,AND 0
1110,DEC 0,HEX 0,AND 0
1111,DEC 0,HEX 0,AND 0
1112,DEC 0,HEX 0,AND 0
1113,DEC 0,HEX 0,AND 0
1114,DEC 0,HEX 0,AND 0
1115,DEC 0,HEX 0,AND 0
1116,DEC 0,HEX 0,AND 0
1117,DEC 0,HEX 0,AND 0
1118,DEC 0,HEX 0,AND 0
1119,DEC 0,HEX 0,AND 0
1120,DEC 0,HEX 0,AND 0
1121,DEC 0,HEX 0,AND 0
1122,DEC 0,HEX 0,AND 0
1123,DEC 0,HEX 0,AND 0
1124,DEC 0,HEX 0,AND 0
1125,DEC 0,HEX 0,AND 0
1126,DEC 0,HEX 0,AND 0
1127,DEC 0,HEX 0,AND 0
1128,DEC 0,HEX 0,AND 0
1129,DEC 0,HEX 0,AND 0
1130,DEC 0,HEX 0,AND 0
1131,DEC 0,HEX 0,AND 0
1132,DEC 0,HEX 0,AND 0
1133,DEC 0,HEX 0,AND 0
1134,DEC 0,HEX 0,AND 0
1135,DEC 0,HEX 0,AND 0
1136,DEC 0,HEX 0,AND 0
1137,DEC 0,HEX 0,AND 0
1138,DEC 0,HEX 0,AND 0
1139,DEC 0,HEX 0,AND 0
1140,DEC 0,HEX 0,AND 0
1141,DEC 0,HEX 0,AND 0
1142,DEC 0,HEX 0,AND 0
1143,DEC 0,HEX 0,AND 0
1144,DEC 0,HEX 0,AND 0
1145,DEC 0,HEX 0,AND 0
1146,DEC 0,HEX 0,AND 0
1147,DEC 0,HEX 0,AND 0
1148,DEC 0,HEX 0,AND 0
1149,DEC 0,HEX 0,AND 0
1150,DEC 0,HEX 0,AND 0
1151,DEC 0,HEX 0,AND 0
1152,DEC 0,HEX 0,AND 0
1153,DEC 0,HEX 0,AND 0
1154,DEC 0,HEX 0,AND 0
1155,DEC 0,HEX 0,AND 0
1156,DEC 0,HEX 0,AND 0
1157,DEC 0,HEX 0,AND 0
1158,DEC 0,HEX 0,AND 0
1159,DEC 0,HEX 0,AND 0
1160,DEC 0,HEX 0,AND 0
1161,DEC 0,HEX 0,AND 0
1162,DEC 0,HEX 0,AND 0
1163,DEC 0,HEX 0,AND 0
1164,DEC 0,HEX 0,AND 0
1165,DEC 0,HEX 0,AND 0
1166,DEC 0,HEX 0,AND 0
1167,DEC 0,HEX 0,AND 0
1168,DEC 0,HEX 0,AND 0
1169,DEC 0,HEX 0,AND 0
1170,DEC 0,HEX 0,AND 0
1171,DEC 0,HEX 0,AND 0
1172,DEC 0,HEX 0,AND 0
1173,DEC 0,HEX 0,AND 0
1174,DEC 0,HEX 0,AND 0
1175,DEC 0,HEX 0,AND 0
1176,DEC 0,HEX 0,AND 0
1177,DEC 0,HEX 0,AND 0
1178,DEC 0,HEX 0,AND 0
1179,DEC 0,HEX 0,AND 0
1180,DEC 0,HEX 0,AND 0
1181,DEC 0,HEX 0,AND 0
1182,DEC 0,HEX 0,AND 0
1183,DEC 0,HEX 0,AND 0
1184,DEC 0,HEX 0,AND 0
1185,DEC 0,HEX 0,AND 0
1186,DEC 0,HEX 0,AND 0
1187,DEC 0,HEX 0,AND 0
1188,DEC 0,HEX 0,AND 0
1189,DEC 0,HEX 0,AND 0
1190,DEC 0,HEX 0,AND 0
1191,DEC 0,HEX 0,AND 0
1192,DEC 0,HEX 0,AND 0
1193,DEC 0,HEX 0,AND 0
1194,DEC 0,HEX 0,AND 0
1195,DEC 0,HEX 0,AND 0
1196,DEC 0,HEX 0,AND 0
1197,DEC 0,HEX 0,AND 0
1198,DEC 0,HEX 0,AND 0
1199,DEC 0,HEX 0,AND 0
1200,DEC 0,HEX 0,AND 0
1201,DEC 0,HEX 0,AND 0
1202,DEC 0,HEX 0,AND 0
1203,DEC 0,HEX 0,AND 0
1204,DEC 0,HEX 0,AND 0
1205,DEC 0,HEX 0,AND 0
1206,DEC 0,HEX 0,AND 0
1207,DEC 0,HEX 0,AND 0
1208,DEC 0,HEX 0,AND 0
1209,DEC 0,HEX 0,AND 0
1210,DEC 0,HEX 0,AND 0
1211,DEC 0,HEX 0,AND 0
1212,DEC 0,HEX 0,AND 0
1213,DEC 0,HEX 0,AND 0
1214,DEC 0,HEX 0,AND 0
1215,DEC 0,HEX 0,AND 0
1216,DEC 0,HEX 0,AND 0
1217,DEC 0,HEX 0,AND 0
1218,DEC 0,HEX 0,AND 0
1219,DEC 0,HEX 0,AND 0
1220,DEC 0,HEX 0,AND 0
1221,DEC 0,HEX 0,AND 0
1222,DEC 0,HEX 0,AND 0
1223,DEC 0,HEX 0,AND 0
1224,DEC 0,HEX 0,AND 0
1225,DEC 0,HEX 0,AND 0
1226,DEC 0,HEX 0,AND 0
1227,DEC 0,HEX 0,AND 0
1228,DEC 0,HEX 0,AND 0
1229,DEC 0,HEX 0,AND 0
1230,DEC 0,HEX 0,AND 0
1231,DEC 0,HEX 0,AND 0
1232,DEC 0,HEX 0,AND 0
1233,DEC 0,HEX 0,AND 0
1234,DEC 0,HEX 0,AND 0
1235,DEC 0,HEX 0,AND 0
1236,DEC 0,HEX 0,AND 0
1237,DEC 0,HEX 0,AND 0
1238,DEC 0,HEX 0,AND 0
1239,DEC 0,HEX 0,AND 0
1240,DEC 0,HEX 0,AND 0
1241,DEC 0,HEX 0,AND 0
1242,DEC 0,HEX 0,AND 0
1243,DEC 0,HEX 0,AND 0
1244,DEC 0,HEX 0,AND 0
1245,DEC 0,HEX 0,AND 0
1246,DEC 0,HEX 0,AND 0
1247,DEC 0,HEX 0,AND 0
1248,DEC 0,HEX 0,AND 0
1249,DEC 0,HEX 0,AND 0
1250,DEC 0,HEX 0,AND 0
1251,DEC 0,HEX 0,AND 0
1252,DEC 0,HEX 0,AND 0
1253,DEC 0,HEX 0,AND 0
1254,DEC 0,HEX 0,AND 0
1255,DEC 0,HEX 0,AND 0
1256,DEC 0,HEX 0,AND 0
1257,DEC 0,HEX 0,AND 0
1258,DEC 0,HEX 0,AND 0
1259,DEC 0,HEX 0,AND 0
1260,DEC 0,HEX 0,AND 0
1261,DEC 0,HEX 0,AND 0
1262,DEC 0,HEX 0,AND 0
1263,DEC 0,HEX 0,AND 0
1264,DEC 0,HEX 0,AND 0
1265,DEC 0,HEX 0,AND 0
1266,DEC 0,HEX 0,AND 0
1267,DEC 0,HEX 0,AND 0
1268,DEC 0,HEX 0,AND 0
1269,DEC 0,HEX 0,AND 0
1270,DEC 0,HEX 0,AND 0
1271,DEC 0,HEX 0,AND 0
1272,DEC 0,HEX 0,AND 0
1273,DEC 0,HEX 0,AND 0
1274,DEC 0,HEX 0,AND 0
1275,DEC 0,HEX 0,AND 0
1276,DEC 0,HEX 0,AND 0
1277,DEC 0,HEX 0,AND 0
1278,DEC 0,HEX 0,AND 0
1279,DEC 0,HEX 0,AND 0
1280,DEC 0,HEX 0,AND 0
1281,DEC 0,HEX 0,AND 0
1282,DEC 0,HEX 0,AND 0
1283,DEC 0,HEX 0,AND 0
1284,DEC 0,HEX 0,AND 0
1285,DEC 0,HEX 0,AND 0
1286,DEC 0,HEX 0,AND 0
1287,DEC 0,HEX 0,AND 0
1288,DEC 0,HEX 0,AND 0
1289,DEC 0,HEX 0,AND 0
1290,DEC 0,HEX 0,AND 0
1291,DEC 0,HEX 0,AND 0
1292,DEC 0,HEX 0,AND 0
1293,DEC 0,HEX 0,AND 0
1294,DEC 0,HEX 0,AND 0
1295,DEC 0,HEX 0,AND 0
1296,DEC 0,HEX 0,AND 0
1297,DEC 0,HEX 0,AND 0
1298,DEC 0,HEX 0,AND 0
1299,DEC 0,HEX 0,AND 0
1300,DEC 0,HEX 0,AND 0
1301,DEC 0,HEX 0,AND 0
1302,DEC 0,HEX 0,AND 0
1303,DEC 0,HEX 0,AND 0
1304,DEC 0,HEX 0,AND 0
1305,DEC 0,HEX 0,AND 0
1306,DEC 0,HEX 0,AND 0
1307,DEC 0,HEX 0,AND 0
1308,DEC 0,HEX 0,AND 0
1309,DEC 0,HEX 0,AND 0
1310,DEC 0,HEX 0,AND 0
1311,DEC 0,HEX 0,AND 0
1312,DEC 0,HEX 0,AND 0
1313,DEC 0,HEX 0,AND 0
1314,DEC 0,HEX 0,AND 0
1315,DEC 0,HEX 0,AND 0
1316,DEC 0,HEX 0,AND 0
1317,DEC 0,HEX 0,AND 0
1318,DEC 0,HEX 0,AND 0
1319,DEC 0,HEX 0,AND 0
1320,DEC 0,HEX 0,AND 0
1321,DEC 0,HEX 0,AND 0
1322,DEC 0,HEX 0,AND 0
1323,DEC 0,HEX 0,AND 0
1324,DEC 0,HEX 0,AND 0
1325,DEC 0,HEX 0,AND 0
1326,DEC 0,HEX 0,AND 0
1327,DEC 0,HEX 0,AND 0
1328,DEC 0,HEX 0,AND 0
1329,DEC 0,HEX 0,AND 0
1330,DEC 0,HEX 0,AND 0
1331,DEC 0,HEX 0,AND 0
1332,DEC 0,HEX 0,AND 0
1333,DEC 0,HEX 0,AND 0
1334,DEC 0,HEX 0,AND 0
1335,DEC 0,HEX 0,AND 0
1336,DEC 0,HEX 0,AND 0
1337,DEC 0,HEX 0,AND 0
1338,DEC 0,HEX 0,AND 0
1339,DEC 0,HEX 0,AND 0
1340,DEC 0,HEX 0,AND 0
1341,DEC 0,HEX 0,AND 0
1342,DEC 0,HEX 0,AND 0
1343,DEC 0,HEX 0,AND 0
1344,DEC 0,HEX 0,AND 0
1345,DEC 0,HEX 0,AND 0
1346,DEC 0,HEX 0,AND 0
1347,DEC 0,HEX 0,AND 0
1348,DEC 0,HEX 0,AND 0
1349,DEC 0,HEX 0,AND 0
1350,DEC 0,HEX 0,AND 0
1351,DEC 0,HEX 0,AND 0
1352,DEC 0,HEX 0,AND 0
1353,DEC 0,HEX 0,AND 0
1354,DEC 0,HEX 0,AND 0
1355,DEC 0,HEX 0,AND 0
1356,DEC 0,HEX 0,AND 0
1357,DEC 0,HEX 0,AND 0
1358,DEC 0,HEX 0,AND 0
1359,DEC 0,HEX 0,AND 0
1360,DEC 0,HEX 0,AND 0
1361,DEC 0,HEX 0,AND 0
1362,DEC 0,HEX 0,AND 0
1363,DEC 0,HEX 0,AND 0
1364,DEC 0,HEX 0,AND 0
1365,DEC 0,HEX 0,AND 0
1366,DEC 0,HEX 0,AND 0
1367,DEC 0,HEX 0,AND 0
1368,DEC 0,HEX 0,AND 0
1369,DEC 0,HEX 0,AND 0
1370,DEC 0,HEX 0,AND 0
1371,DEC 0,HEX 0,AND 0
1372,DEC 0,HEX 0,AND 0
1373,DEC 0,HEX 0,AND 0
1374,DEC 0,HEX 0,AND 0
1375,DEC 0,HEX 0,AND 0
1376,DEC 0,HEX 0,AND 0
1377,DEC 0,HEX 0,AND 0
1378,DEC 0,HEX 0,AND 0
1379,DEC 0,HEX 0,AND 0
1380,DEC 0,HEX 0,AND 0
1381,DEC 0,HEX 0,AND 0
1382,DEC 0,HEX 0,AND 0
1383,DEC 0,HEX 0,AND 0
1384,DEC 0,HEX 0,AND 0
1385,DEC 0,HEX 0,AND 0
1386,DEC 0,HEX 0,AND 0
1387,DEC 0,HEX 0,AND 0
1388,DEC 0,HEX 0,AND 0
1389,DEC 0,HEX 0,AND 0
1390,DEC 0,HEX 0,AND 0
1391,DEC 0,HEX 0,AND 0
1392,DEC 0,HEX 0,AND 0
1393,DEC 0,HEX 0,AND 0
1394,DEC 0,HEX 0,AND 0
1395,DEC 0,HEX 0,AND 0
1396,DEC 0,HEX 0,AND 0
1397,DEC 0,HEX 0,AND 0
1398,DEC 0,HEX 0,AND 0
1399,DEC 0,HEX 0,AND 0
1400,DEC 0,HEX 0,AND 0
1401,DEC 0,HEX 0,AND 0
1402,DEC 0,HEX 0,AND 0
1403,DEC 0,HEX 0,AND 0
1404,DEC 0,HEX 0,AND 0
1405,DEC 0,HEX 0,AND 0
1406,DEC 0,HEX 0,AND 0
1407,DEC 0,HEX 0,AND 0
1408,DEC 0,HEX 0,AND 0
1409,DEC 0,HEX 0,AND 0
1410,DEC 0,HEX 0,AND 0
1411,DEC 0,HEX 0,AND 0
1412,DEC 0,HEX 0,AND 0
1413,DEC 0,HEX 0,AND 0
1414,DEC 0,HEX 0,AND 0
1415,DEC 0,HEX 0,AND 0
1416,DEC 0,HEX 0,AND 0
1417,DEC 0,HEX 0,AND 0
1418,DEC 0,HEX 0,AND 0
1419,DEC 0,HEX 0,AND 0
1420,DEC 0,HEX 0,AND 0
1421,DEC 0,HEX 0,AND 0
1422,DEC 0,HEX 0,AND 0
1423,DEC 0,HEX 0,AND 0
1424,DEC 0,HEX 0,AND 0
1425,DEC 0,HEX 0,AND 0
1426,DEC 0,HEX 0,AND 0
1427,DEC 0,HEX 0,AND 0
1428,DEC 0,HEX 0,AND 0
1429,DEC 0,HEX 0,AND 0
1430,DEC 0,HEX 0,AND 0
1431,DEC 0,HEX 0,AND 0
1432,DEC 0,HEX 0,AND 0
1433,DEC 0,HEX 0,AND 0
1434,DEC 0,HEX 0,AND 0
1435,DEC 0,HEX 0,AND 0
1436,DEC 0,HEX 0,AND 0
1437,DEC 0,HEX 0,AND 0
1438,DEC 0,HEX 0,AND 0
1439,DEC 0,HEX 0,AND 0
1440,DEC 0,HEX 0,AND 0
1441,DEC 0,HEX 0,AND 0
1442,DEC 0,HEX 0,AND 0
1443,DEC 0,HEX 0,AND 0
1444,DEC 0,HEX 0,AND 0
1445,DEC 0,HEX 0,AND 0
1446,DEC 0,HEX 0,AND 0
1447,DEC 0,HEX 0,AND 0
1448,DEC 0,HEX 0,AND 0
1449,DEC 0,HEX 0,AND 0
1450,DEC 0,HEX 0,AND 0
1451,DEC 0,HEX 0,AND 0
1452,DEC 0,HEX 0,AND 0
1453,DEC 0,HEX 0,AND 0
1454,DEC 0,HEX 0,AND 0
1455,DEC 0,HEX 0,AND 0
1456,DEC 0,HEX 0,AND 0
1457,DEC 0,HEX 0,AND 0
1458,DEC 0,HEX 0,AND 0
1459,DEC 0,HEX 0,AND 0
1460,DEC 0,HEX 0,AND 0
1461,DEC 0,HEX 0,AND 0
1462,DEC 0,HEX 0,AND 0
1463,DEC 0,HEX 0,AND 0
1464,DEC 0,HEX 0,AND 0
1465,DEC 0,HEX 0,AND 0
1466,DEC 0,HEX 0,AND 0
1467,DEC 0,HEX 0,AND 0
1468,DEC 0,HEX 0,AND 0
1469,DEC 0,HEX 0,AND 0
1470,DEC 0,HEX 0,AND 0
1471,DEC 0,HEX 0,AND 0
1472,DEC 0,HEX 0,AND 0
1473,DEC 0,HEX 0,AND 0
1474,DEC 0,HEX 0,AND 0
1475,DEC 0,HEX 0,AND 0
1476,DEC 0,HEX 0,AND 0
1477,DEC 0,HEX 0,AND 0
1478,DEC 0,HEX 0,AND 0
1479,DEC 0,HEX 0,AND 0
1480,DEC 0,HEX 0,AND 0
1481,DEC 0,HEX 0,AND 0
1482,DEC 0,HEX 0,AND 0
1483,DEC 0,HEX 0,AND 0
1484,DEC 0,HEX 0,AND 0
1485,DEC 0,HEX 0,AND 0
1486,DEC 0,HEX 0,AND 0
1487,DEC 0,HEX 0,AND 0
1488,DEC 0,HEX 0,AND 0
1489,DEC 0,HEX 0,AND 0
1490,DEC 0,HEX 0,AND 0
1491,DEC 0,HEX 0,AND 0
1492,DEC 0,HEX 0,AND 0
1493,DEC 0,HEX 0,AND 0
1494,DEC 0,HEX 0,AND 0
1495,DEC 0,HEX 0,AND 0
1496,DEC 0,HEX 0,AND 0
1497,DEC 0,HEX 0,AND 0
1498,DEC 0,HEX 0,AND 0
1499,DEC 0,HEX 0,AND 0
1500,DEC 0,HEX 0,AND 0
1501,DEC 0,HEX 0,AND 0
1502,DEC 0,HEX 0,AND 0
1503,DEC 0,HEX 0,AND 0
1504,DEC 0,HEX 0,AND 0
1505,DEC 0,HEX 0,AND 0
1506,DEC 0,HEX 0,AND 0
1507,DEC 0,HEX 0,AND 0
1508,DEC 0,HEX 0,AND 0
1509,DEC 0,HEX 0,AND 0
1510,DEC 0,HEX 0,AND 0
1511,DEC 0,HEX 0,AND 0
1512,DEC 0,HEX 0,AND 0
1513,DEC 0,HEX 0,AND 0
1514,DEC 0,HEX 0,AND 0
1515,DEC 0,HEX 0,AND 0
1516,DEC 0,HEX 0,AND 0
1517,DEC 0,HEX 0,AND 0
1518,DEC 0,HEX 0,AND 0
1519,DEC 0,HEX 0,AND 0
1520,DEC 0,HEX 0,AND 0
1521,DEC 0,HEX 0,AND 0
1522,DEC 0,HEX 0,AND 0
1523,DEC 0,HEX 0,AND 0
1524,DEC 0,HEX 0,AND 0
1525,DEC 0,HEX 0,AND 0
1526,DEC 0,HEX 0,AND 0
1527,DEC 0,HEX 0,AND 0
1528,DEC 0,HEX 0,AND 0
1529,DEC 0,HEX 0,AND 0
1530,DEC 0,HEX 0,AND 0
1531,DEC 0,HEX 0,AND 0
1532,DEC 0,HEX 0,AND 0
1533,DEC 0,HEX 0,AND 0
1534,DEC 0,HEX 0,AND 0
1535,DEC 0,HEX 0,AND 0
1536,DEC 0,HEX 0,AND 0
1537,DEC 0,HEX 0,AND 0
1538,DEC 0,HEX 0,AND 0
1539,DEC 0,HEX 0,AND 0
1540,DEC 0,HEX 0,AND 0
1541,DEC 0,HEX 0,AND 0
1542,DEC 0,HEX 0,AND 0
1543,DEC 0,HEX 0,AND 0
1544,DEC 0,HEX 0,AND 0
1545,DEC 0,HEX 0,AND 0
1546,DEC 0,HEX 0,AND 0
1547,DEC 0,HEX 0,AND 0
1548,DEC 0,HEX 0,AND 0
1549,DEC 0,HEX 0,AND 0
1550,DEC 0,HEX 0,AND 0
1551,DEC 0,HEX 0,AND 0
1552,DEC 0,HEX 0,AND 0
1553,DEC 0,HEX 0,AND 0
1554,DEC 0,HEX 0,AND 0
1555,DEC 0,HEX 0,AND 0
1556,DEC 0,HEX 0,AND 0
1557,DEC 0,HEX 0,AND 0
1558,DEC 0,HEX 0,AND 0
1559,DEC 0,HEX 0,AND 0
1560,DEC 0,HEX 0,AND 0
1561,DEC 0,HEX 0,AND 0
1562,DEC 0,HEX 0,AND 0
1563,DEC 0,HEX 0,AND 0
1564,DEC 0,HEX 0,AND 0
1565,DEC 0,HEX 0,AND 0
1566,DEC 0,HEX 0,AND 0
1567,DEC 0,HEX 0,AND 0
1568,DEC 0,HEX 0,AND 0
1569,DEC 0,HEX 0,AND 0
1570,DEC 0,HEX 0,AND 0
1571,DEC 0,HEX 0,AND 0
1572,DEC 0,HEX 0,AND 0
1573,DEC 0,HEX 0,AND 0
1574,DEC 0,HEX 0,AND 0
1575,DEC 0,HEX 0,AND 0
1576,DEC 0,HEX 0,AND 0
1577,DEC 0,HEX 0,AND 0
1578,DEC 0,HEX 0,AND 0
1579,DEC 0,HEX 0,AND 0
1580,DEC 0,HEX 0,AND 0
1581,DEC 0,HEX 0,AND 0
1582,DEC 0,HEX 0,AND 0
1583,DEC 0,HEX 0,AND 0
1584,DEC 0,HEX 0,AND 0
1585,DEC 0,HEX 0,AND 0
1586,DEC 0,HEX 0,AND 0
1587,DEC 0,HEX 0,AND 0
1588,DEC 0,HEX 0,AND 0
1589,DEC 0,HEX 0,AND 0
1590,DEC 0,HEX 0,AND 0
1591,DEC 0,HEX 0,AND 0
1592,DEC 0,HEX 0,AND 0
1593,DEC 0,HEX 0,AND 0
1594,DEC 0,HEX 0,AND 0
1595,DEC 0,HEX 0,AND 0
1596,DEC 0,HEX 0,AND 0
1597,DEC 0,HEX 0,AND 0
1598,DEC 0,HEX 0,AND 0
1599,DEC 0,HEX 0,AND 0
1600,DEC 0,HEX 0,AND 0
1601,DEC 0,HEX 0,AND 0
1602,DEC 0,HEX 0,AND 0
1603,DEC 0,HEX 0,AND 0
1604,DEC 0,HEX 0,AND 0
1605,DEC 0,HEX 0,AND 0
1606,DEC 0,HEX 0,AND 0
1607,DEC 0,HEX 0,AND 0
1608,DEC 0,HEX 0,AND 0
1609,DEC 0,HEX 0,AND 0
1610,DEC 0,HEX 0,AND 0
1611,DEC 0,HEX 0,AND 0
1612,DEC 0,HEX 0,AND 0
1613,DEC 0,HEX 0,AND 0
1614,DEC 0,HEX 0,AND 0
1615,DEC 0,HEX 0,AND 0
1616,DEC 0,HEX 0,AND 0
1617,DEC 0,HEX 0,AND 0
1618,DEC 0,HEX 0,AND 0
1619,DEC 0,HEX 0,AND 0
1620,DEC 0,HEX 0,AND 0
1621,DEC 0,HEX 0,AND 0
1622,DEC 0,HEX 0,AND 0
1623,DEC 0,HEX 0,AND 0
1624,DEC 0,HEX 0,AND 0
1625,DEC 0,HEX 0,AND 0
1626,DEC 0,HEX 0,AND 0
1627,DEC 0,HEX 0,AND 0
1628,DEC 0,HEX 0,AND 0
1629,DEC 0,HEX 0,AND 0
1630,DEC 0,HEX 0,AND 0
1631,DEC 0,HEX 0,AND 0
1632,DEC 0,HEX 0,AND 0
1633,DEC 0,HEX 0,AND 0
1634,DEC 0,HEX 0,AND 0
1635,DEC 0,HEX 0,AND 0
1636,DEC 0,HEX 0,AND 0
1637,DEC 0,HEX 0,AND 0
1638,DEC 0,HEX 0,AND 0
1639,DEC 0,HEX 0,AND 0
1640,DEC 0,HEX 0,AND 0
1641,DEC 0,HEX 0,AND 0
1642,DEC 0,HEX 0,AND 0
1643,DEC 0,HEX 0,AND 0
1644,DEC 0,HEX 0,AND 0
1645,DEC 0,HEX 0,AND 0
1646,DEC 0,HEX 0,AND 0
1647,DEC 0,HEX 0,AND 0
1648,DEC 0,HEX 0,AND 0
1649,DEC 0,HEX 0,AND 0
1650,DEC 0,HEX 0,AND 0
1651,DEC 0,HEX 0,AND 0
1652,DEC 0,HEX 0,AND 0
1653,DEC 0,HEX 0,AND 0
1654,DEC 0,HEX 0,AND 0
1655,DEC 0,HEX 0,AND 0
1656,DEC 0,HEX 0,AND 0
1657,DEC 0,HEX 0,AND 0
1658,DEC 0,HEX 0,AND 0
1659,DEC 0,HEX 0,AND 0
1660,DEC 0,HEX 0,AND 0
1661,DEC 0,HEX 0,AND 0
1662,DEC 0,HEX 0,AND 0
1663,DEC 0,HEX 0,AND 0
1664,DEC 0,HEX 0,AND 0
1665,DEC 0,HEX 0,AND 0
1666,DEC 0,HEX 0,AND 0
1667,DEC 0,HEX 0,AND 0
1668,DEC 0,HEX 0,AND 0
1669,DEC 0,HEX 0,AND 0
1670,DEC 0,HEX 0,AND 0
1671,DEC 0,HEX 0,AND 0
1672,DEC 0,HEX 0,AND 0
1673,DEC 0,HEX 0,AND 0
1674,DEC 0,HEX 0,AND 0
1675,DEC 0,HEX 0,AND 0
1676,DEC 0,HEX 0,AND 0
1677,DEC 0,HEX 0,AND 0
1678,DEC 0,HEX 0,AND 0
1679,DEC 0,HEX 0,AND 0
1680,DEC 0,HEX 0,AND 0
1681,DEC 0,HEX 0,AND 0
1682,DEC 0,HEX 0,AND 0
1683,DEC 0,HEX 0,AND 0
1684,DEC 0,HEX 0,AND 0
1685,DEC 0,HEX 0,AND 0
1686,DEC 0,HEX 0,AND 0
1687,DEC 0,HEX 0,AND 0
1688,DEC 0,HEX 0,AND 0
1689,DEC 0,HEX 0,AND 0
1690,DEC 0,HEX 0,AND 0
1691,DEC 0,HEX 0,AND 0
1692,DEC 0,HEX 0,AND 0
1693,DEC 0,HEX 0,AND 0
1694,DEC 0,HEX 0,AND 0
1695,DEC 0,HEX 0,AND 0
1696,DEC 0,HEX 0,AND 0
1697,DEC 0,HEX 0,AND 0
1698,DEC 0,HEX 0,AND 0
1699,DEC 0,HEX 0,AND 0
1700,DEC 0,HEX 0,AND 0
1701,DEC 0,HEX 0,AND 0
1702,DEC 0,HEX 0,AND 0
1703,DEC 0,HEX 0,AND 0
1704,DEC 0,HEX 0,AND 0
1705,DEC 0,HEX 0,AND 0
1706,DEC 0,HEX 0,AND 0
1707,DEC 0,HEX 0,AND 0
1708,DEC 0,HEX 0,AND 0
1709,DEC 0,HEX 0,AND 0
1710,DEC 0,HEX 0,AND 0
1711,DEC 0,HEX 0,AND 0
1712,DEC 0,HEX 0,AND 0
1713,DEC 0,HEX 0,AND 0
1714,DEC 0,HEX 0,AND 0
1715,DEC 0,HEX 0,AND 0
1716,DEC 0,HEX 0,AND 0
1717,DEC 0,HEX 0,AND 0
1718,DEC 0,HEX 0,AND 0
1719,DEC 0,HEX 0,AND 0
1720,DEC 0,HEX 0,AND 0
1721,DEC 0,HEX 0,AND 0
1722,DEC 0,HEX 0,AND 0
1723,DEC 0,HEX 0,AND 0
1724,DEC 0,HEX 0,AND 0
1725,DEC 0,HEX 0,AND 0
1726,DEC 0,HEX 0,AND 0
1727,DEC 0,HEX 0,AND 0
1728,DEC 0,HEX 0,AND 0
1729,DEC 0,HEX 0,AND 0
1730,DEC 0,HEX 0,AND 0
1731,DEC 0,HEX 0,AND 0
1732,DEC 0,HEX 0,AND 0
1733,DEC 0,HEX 0,AND 0
1734,DEC 0,HEX 0,AND 0
1735,DEC 0,HEX 0,AND 0
1736,DEC 0,HEX 0,AND 0
1737,DEC 0,HEX 0,AND 0
1738,DEC 0,HEX 0,AND 0
1739,DEC 0,HEX 0,AND 0
1740,DEC 0,HEX 0,AND 0
1741,DEC 0,HEX 0,AND 0
1742,DEC 0,HEX 0,AND 0
1743,DEC 0,HEX 0,AND 0
1744,DEC 0,HEX 0,AND 0
1745,DEC 0,HEX 0,AND 0
1746,DEC 0,HEX 0,AND 0
1747,DEC 0,HEX 0,AND 0
1748,DEC 0,HEX 0,AND 0
1749,DEC 0,HEX 0,AND 0
1750,DEC 0,HEX 0,AND 0
1751,DEC 0,HEX 0,AND 0
1752,DEC 0,HEX 0,AND 0
1753,DEC 0,HEX 0,AND 0
1754,DEC 0,HEX 0,AND 0
1755,DEC 0,HEX 0,AND 0
1756,DEC 0,HEX 0,AND 0
1757,DEC 0,HEX 0,AND 0
1758,DEC 0,HEX 0,AND 0
1759,DEC 0,HEX 0,AND 0
1760,DEC 0,HEX 0,AND 0
1761,DEC 0,HEX 0,AND 0
1762,DEC 0,HEX 0,AND 0
1763,DEC 0,HEX 0,AND 0
1764,DEC 0,HEX 0,AND 0
1765,DEC 0,HEX 0,AND 0
1766,DEC 0,HEX 0,AND 0
1767,DEC 0,HEX 0,AND 0
1768,DEC 0,HEX 0,AND 0
1769,DEC 0,HEX 0,AND 0
1770,DEC 0,HEX 0,AND 0
1771,DEC 0,HEX 0,AND 0
1772,DEC 0,HEX 0,AND 0
1773,DEC 0,HEX 0,AND 0
1774,DEC 0,HEX 0,AND 0
1775,DEC 0,HEX 0,AND 0
1776,DEC 0,HEX 0,AND 0
1777,DEC 0,HEX 0,AND 0
1778,DEC 0,HEX 0,AND 0
1779,DEC 0,HEX 0,AND 0
1780,DEC 0,HEX 0,AND 0
1781,DEC 0,HEX 0,AND 0
1782,DEC 0,HEX 0,AND 0
1783,DEC 0,HEX 0,AND 0
1784,DEC 0,HEX 0,AND 0
1785,DEC 0,HEX 0,AND 0
1786,DEC 0,HEX 0,AND 0
1787,DEC 0,HEX 0,AND 0
1788,DEC 0,HEX 0,AND 0
1789,DEC 0,HEX 0,AND 0
1790,DEC 0,HEX 0,AND 0
1791,DEC 0,HEX 0,AND 0
1792,DEC 0,HEX 0,AND 0
1793,DEC 0,HEX 0,AND 0
1794,DEC 0,HEX 0,AND 0
1795,DEC 0,HEX 0,AND 0
1796,DEC 0,HEX 0,AND 0
1797,DEC 0,HEX 0,AND 0
1798,DEC 0,HEX 0,AND 0
1799,DEC 0,HEX 0,AND 0
1800,DEC 0,HEX 0,AND 0
1801,DEC 0,HEX 0,AND 0
1802,DEC 0,HEX 0,AND 0
1803,DEC 0,HEX 0,AND 0
1804,DEC 0,HEX 0,AND 0
1805,DEC 0,HEX 0,AND 0
1806,DEC 0,HEX 0,AND 0
1807,DEC 0,HEX 0,AND 0
1808,DEC 0,HEX 0,AND 0
1809,DEC 0,HEX 0,AND 0
1810,DEC 0,HEX 0,AND 0
1811,DEC 0,HEX 0,AND 0
1812,DEC 0,HEX 0,AND 0
1813,DEC 0,HEX 0,AND 0
1814,DEC 0,HEX 0,AND 0
1815,DEC 0,HEX 0,AND 0
1816,DEC 0,HEX 0,AND 0
1817,DEC 0,HEX 0,AND 0
1818,DEC 0,HEX 0,AND 0
1819,DEC 0,HEX 0,AND 0
1820,DEC 0,HEX 0,AND 0
1821,DEC 0,HEX 0,AND 0
1822,DEC 0,HEX 0,AND 0
1823,DEC 0,HEX 0,AND 0
1824,DEC 0,HEX 0,AND 0
1825,DEC 0,HEX 0,AND 0
1826,DEC 0,HEX 0,AND 0
1827,DEC 0,HEX 0,AND 0
1828,DEC 0,HEX 0,AND 0
1829,DEC 0,HEX 0,AND 0
1830,DEC 0,HEX 0,AND 0
1831,DEC 0,HEX 0,AND 0
1832,DEC 0,HEX 0,AND 0
1833,DEC 0,HEX 0,AND 0
1834,DEC 0,HEX 0,AND 0
1835,DEC 0,HEX 0,AND 0
1836,DEC 0,HEX 0,AND 0
1837,DEC 0,HEX 0,AND 0
1838,DEC 0,HEX 0,AND 0
1839,DEC 0,HEX 0,AND 0
1840,DEC 0,HEX 0,AND 0
1841,DEC 0,HEX 0,AND 0
1842,DEC 0,HEX 0,AND 0
1843,DEC 0,HEX 0,AND 0
1844,DEC 0,HEX 0,AND 0
1845,DEC 0,HEX 0,AND 0
1846,DEC 0,HEX 0,AND 0
1847,DEC 0,HEX 0,AND 0
1848,DEC 0,HEX 0,AND 0
1849,DEC 0,HEX 0,AND 0
1850,DEC 0,HEX 0,AND 0
1851,DEC 0,HEX 0,AND 0
1852,DEC 0,HEX 0,AND 0
1853,DEC 0,HEX 0,AND 0
1854,DEC 0,HEX 0,AND 0
1855,DEC 0,HEX 0,AND 0
1856,DEC 0,HEX 0,AND 0
1857,DEC 0,HEX 0,AND 0
1858,DEC 0,HEX 0,AND 0
1859,DEC 0,HEX 0,AND 0
1860,DEC 0,HEX 0,AND 0
1861,DEC 0,HEX 0,AND 0
1862,DEC 0,HEX 0,AND 0
1863,DEC 0,HEX 0,AND 0
1864,DEC 0,HEX 0,AND 0
1865,DEC 0,HEX 0,AND 0
1866,DEC 0,HEX 0,AND 0
1867,DEC 0,HEX 0,AND 0
1868,DEC 0,HEX 0,AND 0
1869,DEC 0,HEX 0,AND 0
1870,DEC 0,HEX 0,AND 0
1871,DEC 0,HEX 0,AND 0
1872,DEC 0,HEX 0,AND 0
1873,DEC 0,HEX 0,AND 0
1874,DEC 0,HEX 0,AND 0
1875,DEC 0,HEX 0,AND 0
1876,DEC 0,HEX 0,AND 0
1877,DEC 0,HEX 0,AND 0
1878,DEC 0,HEX 0,AND 0
1879,DEC 0,HEX 0,AND 0
1880,DEC 0,HEX 0,AND 0
1881,DEC 0,HEX 0,AND 0
1882,DEC 0,HEX 0,AND 0
1883,DEC 0,HEX 0,AND 0
1884,DEC 0,HEX 0,AND 0
1885,DEC 0,HEX 0,AND 0
1886,DEC 0,HEX 0,AND 0
1887,DEC 0,HEX 0,AND 0
1888,DEC 0,HEX 0,AND 0
1889,DEC 0,HEX 0,AND 0
1890,DEC 0,HEX 0,AND 0
1891,DEC 0,HEX 0,AND 0
1892,DEC 0,HEX 0,AND 0
1893,DEC 0,HEX 0,AND 0
1894,DEC 0,HEX 0,AND 0
1895,DEC 0,HEX 0,AND 0
1896,DEC 0,HEX 0,AND 0
1897,DEC 0,HEX 0,AND 0
1898,DEC 0,HEX 0,AND 0
1899,DEC 0,HEX 0,AND 0
1900,DEC 0,HEX 0,AND 0
1901,DEC 0,HEX 0,AND 0
1902,DEC 0,HEX 0,AND 0
1903,DEC 0,HEX 0,AND 0
1904,DEC 0,HEX 0,AND 0
1905,DEC 0,HEX 0,AND 0
1906,DEC 0,HEX 0,AND 0
1907,DEC 0,HEX 0,AND 0
1908,DEC 0,HEX 0,AND 0
1909,DEC 0,HEX 0,AND 0
1910,DEC 0,HEX 0,AND 0
1911,DEC 0,HEX 0,AND 0
1912,DEC 0,HEX 0,AND 0
1913,DEC 0,HEX 0,AND 0
1914,DEC 0,HEX 0,AND 0
1915,DEC 0,HEX 0,AND 0
1916,DEC 0,HEX 0,AND 0
1917,DEC 0,HEX 0,AND 0
1918,DEC 0,HEX 0,AND 0
1919,DEC 0,HEX 0,AND 0
1920,DEC 0,HEX 0,AND 0
1921,DEC 0,HEX 0,AND 0
1922,DEC 0,HEX 0,AND 0
1923,DEC 0,HEX 0,AND 0
1924,DEC 0,HEX 0,AND 0
1925,DEC 0,HEX 0,AND 0
1926,DEC 0,HEX 0,AND 0
1927,DEC 0,HEX 0,AND 0
1928,DEC 0,HEX 0,AND 0
1929,DEC 0,HEX 0,AND 0
1930,DEC 0,HEX 0,AND 0
1931,DEC 0,HEX 0,AND 0
1932,DEC 0,HEX 0,AND 0
1933,DEC 0,HEX 0,AND 0
1934,DEC 0,HEX 0,AND 0
1935,DEC 0,HEX 0,AND 0
1936,DEC 0,HEX 0,AND 0
1937,DEC 0,HEX 0,AND 0
1938,DEC 0,HEX 0,AND 0
1939,DEC 0,HEX 0,AND 0
1940,DEC 0,HEX 0,AND 0
1941,DEC 0,HEX 0,AND 0
1942,DEC 0,HEX 0,AND 0
1943,DEC 0,HEX 0,AND 0
1944,DEC 0,HEX 0,AND 0
1945,DEC 0,HEX 0,AND 0
1946,DEC 0,HEX 0,AND 0
1947,DEC 0,HEX 0,AND 0
1948,DEC 0,HEX 0,AND 0
1949,DEC 0,HEX 0,AND 0
1950,DEC 0,HEX 0,AND 0
1951,DEC 0,HEX 0,AND 0
1952,DEC 0,HEX 0,AND 0
1953,DEC 0,HEX 0,AND 0
1954,DEC 0,HEX 0,AND 0
1955,DEC 0,HEX 0,AND 0
1956,DEC 0,HEX 0,AND 0
1957,DEC 0,HEX 0,AND 0
1958,DEC 0,HEX 0,AND 0
1959,DEC 0,HEX 0,AND 0
1960,DEC 0,HEX 0,AND 0
1961,DEC 0,HEX 0,AND 0
1962,DEC 0,HEX 0,AND 0
1963,DEC 0,HEX 0,AND 0
1964,DEC 0,HEX 0,AND 0
1965,DEC 0,HEX 0,AND 0
1966,DEC 0,HEX 0,AND 0
1967,DEC 0,HEX 0,AND 0
1968,DEC 0,HEX 0,AND 0
1969,DEC 0,HEX 0,AND 0
1970,DEC 0,HEX 0,AND 0
1971,DEC 0,HEX 0,AND 0
1972,DEC 0,HEX 0,AND 0
1973,DEC 0,HEX 0,AND 0
1974,DEC 0,HEX 0,AND 0
1975,DEC 0,HEX 0,AND 0
1976,DEC 0,HEX 0,AND 0
1977,DEC 0,HEX 0,AND 0
1978,DEC 0,HEX 0,AND 0
1979,DEC 0,HEX 0,AND 0
1980,DEC 0,HEX 0,AND 0
1981,DEC 0,HEX 0,AND 0
1982,DEC 0,HEX 0,AND 0
1983,DEC 0,HEX 0,AND 0
1984,DEC 0,HEX 0,AND 0
1985,DEC 0,HEX 0,AND 0
1986,DEC 0,HEX 0,AND 0
1987,DEC 0,HEX 0,AND 0
1988,DEC 0,HEX 0,AND 0
1989,DEC 0,HEX 0,AND 0
1990,DEC 0,HEX 0,AND 0
1991,DEC 0,HEX 0,AND 0
1992,DEC 0,HEX 0,AND 0
1993,DEC 0,HEX 0,AND 0
1994,DEC 0,HEX 0,AND 0
1995,DEC 0,HEX 0,AND 0
1996,DEC 0,HEX 0,AND 0
1997,DEC 0,HEX 0,AND 0
1998,DEC 0,HEX 0,AND 0
1999,DEC 0,HEX 0,AND 0
2000,DEC 0,HEX 0,AND 0
2001,DEC 0,HEX 0,AND 0
2002,DEC 0,HEX 0,AND 0
2003,DEC 0,HEX 0,AND 0
2004,DEC 0,HEX 0,AND 0
2005,DEC 0,HEX 0,AND 0
2006,DEC 0,HEX 0,AND 0
2007,DEC 0,HEX 0,AND 0
2008,DEC 0,HEX 0,AND 0
2009,DEC 0,HEX 0,AND 0
2010,DEC 0,HEX 0,AND 0
2011,DEC 0,HEX 0,AND 0
2012,DEC 0,HEX 0,AND 0
2013,DEC 0,HEX 0,AND 0
2014,DEC 0,HEX 0,AND 0
2015,DEC 0,HEX 0,AND 0
2016,DEC 0,HEX 0,AND 0
2017,DEC 0,HEX 0,AND 0
2018,DEC 0,HEX 0,AND 0
2019,DEC 0,HEX 0,AND 0
2020,DEC 0,HEX 0,AND 0
2021,DEC 0,HEX 0,AND 0
2022,DEC 0,HEX 0,AND 0
2023,DEC 0,HEX 0,AND 0
2024,DEC 0,HEX 0,AND 0
2025,DEC 0,HEX 0,AND 0
2026,DEC 0,HEX 0,AND 0
2027,DEC 0,HEX 0,AND 0
2028,DEC 0,HEX 0,AND 0
2029,DEC 0,HEX 0,AND 0
2030,DEC 0,HEX 0,AND 0
2031,DEC 0,HEX 0,AND 0
2032,DEC 0,HEX 0,AND 0
2033,DEC 0,HEX 0,AND 0
2034,DEC 0,HEX 0,AND 0
2035,DEC 0,HEX 0,AND 0
2036,DEC 0,HEX 0,AND 0
2037,DEC 0,HEX 0,AND 0
2038,DEC 0,HEX 0,AND 0
2039,DEC 0,HEX 0,AND 0
2040,DEC 0,HEX 0,AND 0
2041,DEC 0,HEX 0,AND 0
2042,DEC 0,HEX 0,AND 0
2043,DEC 0,HEX 0,AND 0
2044,DEC 0,HEX 0,AND 0
2045,DEC 0,HEX 0,AND 0
2046,DEC 0,HEX 0,AND 0
2047,DEC 0,HEX 0,AND 0
2048,DEC 0,HEX 0,AND 0
2049,DEC 0,HEX 0,AND 0
2050,DEC 0,HEX 0,AND 0
2051,DEC 0,HEX 0,AND 0
2052,DEC 0,HEX 0,AND 0
2053,DEC 0,HEX 0,AND 0
2054,DEC 0,HEX 0,AND 0
2055,DEC 0,HEX 0,AND 0
2056,DEC 0,HEX 0,AND 0
2057,DEC 0,HEX 0,AND 0
2058,DEC 0,HEX 0,AND 0
2059,DEC 0,HEX 0,AND 0
2060,DEC 0,HEX 0,AND 0
2061,DEC 0,HEX 0,AND 0
2062,DEC 0,HEX 0,AND 0
2063,DEC 0,HEX 0,AND 0
2064,DEC 0,HEX 0,AND 0
2065,DEC 0,HEX 0,AND 0
2066,DEC 0,HEX 0,AND 0
2067,DEC 0,HEX 0,AND 0
2068,DEC 0,HEX 0,AND 0
2069,DEC 0,HEX 0,AND 0
2070,DEC 0,HEX 0,AND 0
2071,DEC 0,HEX 0,AND 0
2072,DEC 0,HEX 0,AND 0
2073,DEC 0,HEX 0,AND 0
2074,DEC 0,HEX 0,AND 0
2075,DEC 0,HEX 0,AND 0
2076,DEC 0,HEX 0,AND 0
2077,DEC 0,HEX 0,AND 0
2078,DEC 0,HEX 0,AND 0
2079,DEC 0,HEX 0,AND 0
2080,DEC 0,HEX 0,AND 0
2081,DEC 0,HEX 0,AND 0
2082,DEC 0,HEX 0,AND 0
2083,DEC 0,HEX 0,AND 0
2084,DEC 0,HEX 0,AND 0
2085,DEC 0,HEX 0,AND 0
2086,DEC 0,HEX 0,AND 0
2087,DEC 0,HEX 0,AND 0
2088,DEC 0,HEX 0,AND 0
2089,DEC 0,HEX 0,AND 0
2090,DEC 0,HEX 0,AND 0
2091,DEC 0,HEX 0,AND 0
2092,DEC 0,HEX 0,AND 0
2093,DEC 0,HEX 0,AND 0
2094,DEC 0,HEX 0,AND 0
2095,DEC 0,HEX 0,AND 0
2096,DEC 0,HEX 0,AND 0
2097,DEC 0,HEX 0,AND 0
2098,DEC 0,HEX 0,AND 0
2099,DEC 0,HEX 0,AND 0
2100,DEC 0,HEX 0,AND 0
2101,DEC 0,HEX 0,AND 0
2102,DEC 0,HEX 0,AND 0
2103,DEC 0,HEX 0,AND 0
2104,DEC 0,HEX 0,AND 0
2105,DEC 0,HEX 0,AND 0
2106,DEC 0,HEX 0,AND 0
2107,DEC 0,HEX 0,AND 0
2108,DEC 0,HEX 0,AND 0
2109,DEC 0,HEX 0,AND 0
2110,DEC 0,HEX 0,AND 0
2111,DEC 0,HEX 0,AND 0
2112,DEC 0,HEX 0,AND 0
2113,DEC 0,HEX 0,AND 0
2114,DEC 0,HEX 0,AND 0
2115,DEC 0,HEX 0,AND 0
2116,DEC 0,HEX 0,AND 0
2117,DEC 0,HEX 0,AND 0
2118,DEC 0,HEX 0,AND 0
2119,DEC 0,HEX 0,AND 0
2120,DEC 0,HEX 0,AND 0
2121,DEC 0,HEX 0,AND 0
2122,DEC 0,HEX 0,AND 0
2123,DEC 0,HEX 0,AND 0
2124,DEC 0,HEX 0,AND 0
2125,DEC 0,HEX 0,AND 0
2126,DEC 0,HEX 0,AND 0
2127,DEC 0,HEX 0,AND 0
2128,DEC 0,HEX 0,AND 0
2129,DEC 0,HEX 0,AND 0
2130,DEC 0,HEX 0,AND 0
2131,DEC 0,HEX 0,AND 0
2132,DEC 0,HEX 0,AND 0
2133,DEC 0,HEX 0,AND 0
2134,DEC 0,HEX 0,AND 0
2135,DEC 0,HEX 0,AND 0
2136,DEC 0,HEX 0,AND 0
2137,DEC 0,HEX 0,AND 0
2138,DEC 0,HEX 0,AND 0
2139,DEC 0,HEX 0,AND 0
2140,DEC 0,HEX 0,AND 0
2141,DEC 0,HEX 0,AND 0
2142,DEC 0,HEX 0,AND 0
2143,DEC 0,HEX 0,AND 0
2144,DEC 0,HEX 0,AND 0
2145,DEC 0,HEX 0,AND 0
2146,DEC 0,HEX 0,AND 0
2147,DEC 0,HEX 0,AND 0
2148,DEC 0,HEX 0,AND 0
2149,DEC 0,HEX 0,AND 0
2150,DEC 0,HEX 0,AND 0
2151,DEC 0,HEX 0,AND 0
2152,DEC 0,HEX 0,AND 0
2153,DEC 0,HEX 0,AND 0
2154,DEC 0,HEX 0,AND 0
2155,DEC 0,HEX 0,AND 0
2156,DEC 0,HEX 0,AND 0
2157,DEC 0,HEX 0,AND 0
2158,DEC 0,HEX 0,AND 0
2159,DEC 0,HEX 0,AND 0
2160,DEC 0,HEX 0,AND 0
2161,DEC 0,HEX 0,AND 0
2162,DEC 0,HEX 0,AND 0
2163,DEC 0,HEX 0,AND 0
2164,DEC 0,HEX 0,AND 0
2165,DEC 0,HEX 0,AND 0
2166,DEC 0,HEX 0,AND 0
2167,DEC 0,HEX 0,AND 0
2168,DEC 0,HEX 0,AND 0
2169,DEC 0,HEX 0,AND 0
2170,DEC 0,HEX 0,AND 0
2171,DEC 0,HEX 0,AND 0
2172,DEC 0,HEX 0,AND 0
2173,DEC 0,HEX 0,AND 0
2174,DEC 0,HEX 0,AND 0
2175,DEC 0,HEX 0,AND 0
2176,DEC 0,HEX 0,AND 0
2177,DEC 0,HEX 0,AND 0
2178,DEC 0,HEX 0,AND 0
2179,DEC 0,HEX 0,AND 0
2180,DEC 0,HEX 0,AND 0
2181,DEC 0,HEX 0,AND 0
2182,DEC 0,HEX 0,AND 0
2183,DEC 0,HEX 0,AND 0
2184,DEC 0,HEX 0,AND 0
2185,DEC 0,HEX 0,AND 0
2186,DEC 0,HEX 0,AND 0
2187,DEC 0,HEX 0,AND 0
2188,DEC 0,HEX 0,AND 0
2189,DEC 0,HEX 0,AND 0
2190,DEC 0,HEX 0,AND 0
2191,DEC 0,HEX 0,AND 0
2192,DEC 0,HEX 0,AND 0
2193,DEC 0,HEX 0,AND 0
2194,DEC 0,HEX 0,AND 0
2195,DEC 0,HEX 0,AND 0
2196,DEC 0,HEX 0,AND 0
2197,DEC 0,HEX 0,AND 0
2198,DEC 0,HEX 0,AND 0
2199,DEC 0,HEX 0,AND 0
2200,DEC 0,HEX 0,AND 0
2201,DEC 0,HEX 0,AND 0
2202,DEC 0,HEX 0,AND 0
2203,DEC 0,HEX 0,AND 0
2204,DEC 0,HEX 0,AND 0
2205,DEC 0,HEX 0,AND 0
2206,DEC 0,HEX 0,AND 0
2207,DEC 0,HEX 0,AND 0
2208,DEC 0,HEX 0,AND 0
2209,DEC 0,HEX 0,AND 0
2210,DEC 0,HEX 0,AND 0
2211,DEC 0,HEX 0,AND 0
2212,DEC 0,HEX 0,AND 0
2213,DEC 0,HEX 0,AND 0
2214,DEC 0,HEX 0,AND 0
2215,DEC 0,HEX 0,AND 0
2216,DEC 0,HEX 0,AND 0
2217,DEC 0,HEX 0,AND 0
2218,DEC 0,HEX 0,AND 0
2219,DEC 0,HEX 0,AND 0
2220,DEC 0,HEX 0,AND 0
2221,DEC 0,HEX 0,AND 0
2222,DEC 0,HEX 0,AND 0
2223,DEC 0,HEX 0,AND 0
2224,DEC 0,HEX 0,AND 0
2225,DEC 0,HEX 0,AND 0
2226,DEC 0,HEX 0,AND 0
2227,DEC 0,HEX 0,AND 0
2228,DEC 0,HEX 0,AND 0
2229,DEC 0,HEX 0,AND 0
2230,DEC 0,HEX 0,AND 0
2231,DEC 0,HEX 0,AND 0
2232,DEC 0,HEX 0,AND 0
2233,DEC 0,HEX 0,AND 0
2234,DEC 0,HEX 0,AND 0
2235,DEC 0,HEX 0,AND 0
2236,DEC 0,HEX 0,AND 0
2237,DEC 0,HEX 0,AND 0
2238,DEC 0,HEX 0,AND 0
2239,DEC 0,HEX 0,AND 0
2240,DEC 0,HEX 0,AND 0
2241,DEC 0,HEX 0,AND 0
2242,DEC 0,HEX 0,AND 0
2243,DEC 0,HEX 0,AND 0
2244,DEC 0,HEX 0,AND 0
2245,DEC 0,HEX 0,AND 0
2246,DEC 0,HEX 0,AND 0
2247,DEC 0,HEX 0,AND 0
2248,DEC 0,HEX 0,AND 0
2249,DEC 0,HEX 0,AND 0
2250,DEC 0,HEX 0,AND 0
2251,DEC 0,HEX 0,AND 0
2252,DEC 0,HEX 0,AND 0
2253,DEC 0,HEX 0,AND 0
2254,DEC 0,HEX 0,AND 0
2255,DEC 0,HEX 0,AND 0
2256,DEC 0,HEX 0,AND 0
2257,DEC 0,HEX 0,AND 0
2258,DEC 0,HEX 0,AND 0
2259,DEC 0,HEX 0,AND 0
2260,DEC 0,HEX 0,AND 0
2261,DEC 0,HEX 0,AND 0
2262,DEC 0,HEX 0,AND 0
2263,DEC 0,HEX 0,AND 0
2264,DEC 0,HEX 0,AND 0
2265,DEC 0,HEX 0,AND 0
2266,DEC 0,HEX 0,AND 0
2267,DEC 0,HEX 0,AND 0
2268,DEC 0,HEX 0,AND 0
2269,DEC 0,HEX 0,AND 0
2270,DEC 0,HEX 0,AND 0
2271,DEC 0,HEX 0,AND 0
2272,DEC 0,HEX 0,AND 0
2273,DEC 0,HEX 0,AND 0
2274,DEC 0,HEX 0,AND 0
2275,DEC 0,HEX 0,AND 0
2276,DEC 0,HEX 0,AND 0
2277,DEC 0,HEX 0,AND 0
2278,DEC 0,HEX 0,AND 0
2279,DEC 0,HEX 0,AND 0
2280,DEC 0,HEX 0,AND 0
2281,DEC 0,HEX 0,AND 0
2282,DEC 0,HEX 0,AND 0
2283,DEC 0,HEX 0,AND 0
2284,DEC 0,HEX 0,AND 0
2285,DEC 0,HEX 0,AND 0
2286,DEC 0,HEX 0,AND 0
2287,DEC 0,HEX 0,AND 0
2288,DEC 0,HEX 0,AND 0
2289,DEC 0,HEX 0,AND 0
2290,DEC 0,HEX 0,AND 0
2291,DEC 0,HEX 0,AND 0
2292,DEC 0,HEX 0,AND 0
2293,DEC 0,HEX 0,AND 0
2294,DEC 0,HEX 0,AND 0
2295,DEC 0,HEX 0,AND 0
2296,DEC 0,HEX 0,AND 0
2297,DEC 0,HEX 0,AND 0
2298,DEC 0,HEX 0,AND 0
2299,DEC 0,HEX 0,AND 0
2300,DEC 0,HEX 0,AND 0
2301,DEC 0,HEX 0,AND 0
2302,DEC 0,HEX 0,AND 0
2303,DEC 0,HEX 0,AND 0
2304,DEC 0,HEX 0,AND 0
2305,DEC 0,HEX 0,AND 0
2306,DEC 0,HEX 0,AND 0
2307,DEC 0,HEX 0,AND 0
2308,DEC 0,HEX 0,AND 0
2309,DEC 0,HEX 0,AND 0
2310,DEC 0,HEX 0,AND 0
2311,DEC 0,HEX 0,AND 0
2312,DEC 0,HEX 0,AND 0
2313,DEC 0,HEX 0,AND 0
2314,DEC 0,HEX 0,AND 0
2315,DEC 0,HEX 0,AND 0
2316,DEC 0,HEX 0,AND 0
2317,DEC 0,HEX 0,AND 0
2318,DEC 0,HEX 0,AND 0
2319,DEC 0,HEX 0,AND 0
2320,DEC 0,HEX 0,AND 0
2321,DEC 0,HEX 0,AND 0
2322,DEC 0,HEX 0,AND 0
2323,DEC 0,HEX 0,AND 0
2324,DEC 0,HEX 0,AND 0
2325,DEC 0,HEX 0,AND 0
2326,DEC 0,HEX 0,AND 0
2327,DEC 0,HEX 0,AND 0
2328,DEC 0,HEX 0,AND 0
2329,DEC 0,HEX 0,AND 0
2330,DEC 0,HEX 0,AND 0
2331,DEC 0,HEX 0,AND 0
2332,DEC 0,HEX 0,AND 0
2333,DEC 0,HEX 0,AND 0
2334,DEC 0,HEX 0,AND 0
2335,DEC 0,HEX 0,AND 0
2336,DEC 0,HEX 0,AND 0
2337,DEC 0,HEX 0,AND 0
2338,DEC 0,HEX 0,AND 0
2339,DEC 0,HEX 0,AND 0
2340,DEC 0,HEX 0,AND 0
2341,DEC 0,HEX 0,AND 0
2342,DEC 0,HEX 0,AND 0
2343,DEC 0,HEX 0,AND 0
2344,DEC 0,HEX 0,AND 0
2345,DEC 0,HEX 0,AND 0
2346,DEC 0,HEX 0,AND 0
2347,DEC 0,HEX 0,AND 0
2348,DEC 0,HEX 0,AND 0
2349,DEC 0,HEX 0,AND 0
2350,DEC 0,HEX 0,AND 0
2351,DEC 0,HEX 0,AND 0
2352,DEC 0,HEX 0,AND 0
2353,DEC 0,HEX 0,AND 0
2354,DEC 0,HEX 0,AND 0
2355,DEC 0,HEX 0,AND 0
2356,DEC 0,HEX 0,AND 0
2357,DEC 0,HEX 0,AND 0
2358,DEC 0,HEX 0,AND 0
2359,DEC 0,HEX 0,AND 0
2360,DEC 0,HEX 0,AND 0
2361,DEC 0,HEX 0,AND 0
2362,DEC 0,HEX 0,AND 0
2363,DEC 0,HEX 0,AND 0
2364,DEC 0,HEX 0,AND 0
2365,DEC 0,HEX 0,AND 0
2366,DEC 0,HEX 0,AND 0
2367,DEC 0,HEX 0,AND 0
2368,DEC 0,HEX 0,AND 0
2369,DEC 0,HEX 0,AND 0
2370,DEC 0,HEX 0,AND 0
2371,DEC 0,HEX 0,AND 0
2372,DEC 0,HEX 0,AND 0
2373,DEC 0,HEX 0,AND 0
2374,DEC 0,HEX 0,AND 0
2375,DEC 0,HEX 0,AND 0
2376,DEC 0,HEX 0,AND 0
2377,DEC 0,HEX 0,AND 0
2378,DEC 0,HEX 0,AND 0
2379,DEC 0,HEX 0,AND 0
2380,DEC 0,HEX 0,AND 0
2381,DEC 0,HEX 0,AND 0
2382,DEC 0,HEX 0,AND 0
2383,DEC 0,HEX 0,AND 0
2384,DEC 0,HEX 0,AND 0
2385,DEC 0,HEX 0,AND 0
2386,DEC 0,HEX 0,AND 0
2387,DEC 0,HEX 0,AND 0
2388,DEC 0,HEX 0,AND 0
2389,DEC 0,HEX 0,AND 0
2390,DEC 0,HEX 0,AND 0
2391,DEC 0,HEX 0,AND 0
2392,DEC 0,HEX 0,AND 0
2393,DEC 0,HEX 0,AND 0
2394,DEC 0,HEX 0,AND 0
2395,DEC 0,HEX 0,AND 0
2396,DEC 0,HEX 0,AND 0
2397,DEC 0,HEX 0,AND 0
2398,DEC 0,HEX 0,AND 0
2399,DEC 0,HEX 0,AND 0
2400,DEC 0,HEX 0,AND 0
2401,DEC 0,HEX 0,AND 0
2402,DEC 0,HEX 0,AND 0
2403,DEC 0,HEX 0,AND 0
2404,DEC 0,HEX 0,AND 0
2405,DEC 0,HEX 0,AND 0
2406,DEC 0,HEX 0,AND 0
2407,DEC 0,HEX 0,AND 0
2408,DEC 0,HEX 0,AND 0
2409,DEC 0,HEX 0,AND 0
2410,DEC 0,HEX 0,AND 0
2411,DEC 0,HEX 0,AND 0
2412,DEC 0,HEX 0,AND 0
2413,DEC 0,HEX 0,AND 0
2414,DEC 0,HEX 0,AND 0
2415,DEC 0,HEX 0,AND 0
2416,DEC 0,HEX 0,AND 0
2417,DEC 0,HEX 0,AND 0
2418,DEC 0,HEX 0,AND 0
2419,DEC 0,HEX 0,AND 0
2420,DEC 0,HEX 0,AND 0
2421,DEC 0,HEX 0,AND 0
2422,DEC 0,HEX 0,AND 0
2423,DEC 0,HEX 0,AND 0
2424,DEC 0,HEX 0,AND 0
2425,DEC 0,HEX 0,AND 0
2426,DEC 0,HEX 0,AND 0
2427,DEC 0,HEX 0,AND 0
2428,DEC 0,HEX 0,AND 0
2429,DEC 0,HEX 0,AND 0
2430,DEC 0,HEX 0,AND 0
2431,DEC 0,HEX 0,AND 0
2432,DEC 0,HEX 0,AND 0
2433,DEC 0,HEX 0,AND 0
2434,DEC 0,HEX 0,AND 0
2435,DEC 0,HEX 0,AND 0
2436,DEC 0,HEX 0,AND 0
2437,DEC 0,HEX 0,AND 0
2438,DEC 0,HEX 0,AND 0
2439,DEC 0,HEX 0,AND 0
2440,DEC 0,HEX 0,AND 0
2441,DEC 0,HEX 0,AND 0
2442,DEC 0,HEX 0,AND 0
2443,DEC 0,HEX 0,AND 0
2444,DEC 0,HEX 0,AND 0
2445,DEC 0,HEX 0,AND 0
2446,DEC 0,HEX 0,AND 0
2447,DEC 0,HEX 0,AND 0
2448,DEC 0,HEX 0,AND 0
2449,DEC 0,HEX 0,AND 0
2450,DEC 0,HEX 0,AND 0
2451,DEC 0,HEX 0,AND 0
2452,DEC 0,HEX 0,AND 0
2453,DEC 0,HEX 0,AND 0
2454,DEC 0,HEX 0,AND 0
2455,DEC 0,HEX 0,AND 0
2456,DEC 0,HEX 0,AND 0
2457,DEC 0,HEX 0,AND 0
2458,DEC 0,HEX 0,AND 0
2459,DEC 0,HEX 0,AND 0
2460,DEC 0,HEX 0,AND 0
2461,DEC 0,HEX 0,AND 0
2462,DEC 0,HEX 0,AND 0
2463,DEC 0,HEX 0,AND 0
2464,DEC 0,HEX 0,AND 0
2465,DEC 0,HEX 0,AND 0
2466,DEC 0,HEX 0,AND 0
2467,DEC 0,HEX 0,AND 0
2468,DEC 0,HEX 0,AND 0
2469,DEC 0,HEX 0,AND 0
2470,DEC 0,HEX 0,AND 0
2471,DEC 0,HEX 0,AND 0
2472,DEC 0,HEX 0,AND 0
2473,DEC 0,HEX 0,AND 0
2474,DEC 0,HEX 0,AND 0
2475,DEC 0,HEX 0,AND 0
2476,DEC 0,HEX 0,AND 0
2477,DEC 0,HEX 0,AND 0
2478,DEC 0,HEX 0,AND 0
2479,DEC 0,HEX 0,AND 0
2480,DEC 0,HEX 0,AND 0
2481,DEC 0,HEX 0,AND 0
2482,DEC 0,HEX 0,AND 0
2483,DEC 0,HEX 0,AND 0
2484,DEC 0,HEX 0,AND 0
2485,DEC 0,HEX 0,AND 0
2486,DEC 0,HEX 0,AND 0
2487,DEC 0,HEX 0,AND 0
2488,DEC 0,HEX 0,AND 0
2489,DEC 0,HEX 0,AND 0
2490,DEC 0,HEX 0,AND 0
2491,DEC 0,HEX 0,AND 0
2492,DEC 0,HEX 0,AND 0
2493,DEC 0,HEX 0,AND 0
2494,DEC 0,HEX 0,AND 0
2495,DEC 0,HEX 0,AND 0
2496,DEC 0,HEX 0,AND 0
2497,DEC 0,HEX 0,AND 0
2498,DEC 0,HEX 0,AND 0
2499,DEC 0,HEX 0,AND 0
2500,DEC 0,HEX 0,AND 0
2501,DEC 0,HEX 0,AND 0
2502,DEC 0,HEX 0,AND 0
2503,DEC 0,HEX 0,AND 0
2504,DEC 0,HEX 0,AND 0
2505,DEC 0,HEX 0,AND 0
2506,DEC 0,HEX 0,AND 0
2507,DEC 0,HEX 0,AND 0
2508,DEC 0,HEX 0,AND 0
2509,DEC 0,HEX 0,AND 0
2510,DEC 0,HEX 0,AND 0
2511,DEC 0,HEX 0,AND 0
2512,DEC 0,HEX 0,AND 0
2513,DEC 0,HEX 0,AND 0
2514,DEC 0,HEX 0,AND 0
2515,DEC 0,HEX 0,AND 0
2516,DEC 0,HEX 0,AND 0
2517,DEC 0,HEX 0,AND 0
2518,DEC 0,HEX 0,AND 0
2519,DEC 0,HEX 0,AND 0
2520,DEC 0,HEX 0,AND 0
2521,DEC 0,HEX 0,AND 0
2522,DEC 0,HEX 0,AND 0
2523,DEC 0,HEX 0,AND 0
2524,DEC 0,HEX 0,AND 0
2525,DEC 0,HEX 0,AND 0
2526,DEC 0,HEX 0,AND 0
2527,DEC 0,HEX 0,AND 0
2528,DEC 0,HEX 0,AND 0
2529,DEC 0,HEX 0,AND 0
2530,DEC 0,HEX 0,AND 0
2531,DEC 0,HEX 0,AND 0
2532,DEC 0,HEX 0,AND 0
2533,DEC 0,HEX 0,AND 0
2534,DEC 0,HEX 0,AND 0
2535,DEC 0,HEX 0,AND 0
2536,DEC 0,HEX 0,AND 0
2537,DEC 0,HEX 0,AND 0
2538,DEC 0,HEX 0,AND 0
2539,DEC 0,HEX 0,AND 0
2540,DEC 0,HEX 0,AND 0
2541,DEC 0,HEX 0,AND 0
2542,DEC 0,HEX 0,AND 0
2543,DEC 0,HEX 0,AND 0
2544,DEC 0,HEX 0,AND 0
2545,DEC 0,HEX 0,AND 0
2546,DEC 0,HEX 0,AND 0
2547,DEC 0,HEX 0,AND 0
2548,DEC 0,HEX 0,AND 0
2549,DEC 0,HEX 0,AND 0
2550,DEC 0,HEX 0,AND 0
2551,DEC 0,HEX 0,AND 0
2552,DEC 0,HEX 0,AND 0
2553,DEC 0,HEX 0,AND 0
2554,DEC 0,HEX 0,AND 0
2555,DEC 0,HEX 0,AND 0
2556,DEC 0,HEX 0,AND 0
2557,DEC 0,HEX 0,AND 0
2558,DEC 0,HEX 0,AND 0
2559,DEC 0,HEX 0,AND 0
2560,DEC 0,HEX 0,AND 0
2561,DEC 0,HEX 0,AND 0
2562,DEC 0,HEX 0,AND 0
2563,DEC 0,HEX 0,AND 0
2564,DEC 0,HEX 0,AND 0
2565,DEC 0,HEX 0,AND 0
2566,DEC 0,HEX 0,AND 0
2567,DEC 0,HEX 0,AND 0
2568,DEC 0,HEX 0,AND 0
2569,DEC 0,HEX 0,AND 0
2570,DEC 0,HEX 0,AND 0
2571,DEC 0,HEX 0,AND 0
2572,DEC 0,HEX 0,AND 0
2573,DEC 0,HEX 0,AND 0
2574,DEC 0,HEX 0,AND 0
2575,DEC 0,HEX 0,AND 0
2576,DEC 0,HEX 0,AND 0
2577,DEC 0,HEX 0,AND 0
2578,DEC 0,HEX 0,AND 0
2579,DEC 0,HEX 0,AND 0
2580,DEC 0,HEX 0,AND 0
2581,DEC 0,HEX 0,AND 0
2582,DEC 0,HEX 0,AND 0
2583,DEC 0,HEX 0,AND 0
2584,DEC 0,HEX 0,AND 0
2585,DEC 0,HEX 0,AND 0
2586,DEC 0,HEX 0,AND 0
2587,DEC 0,HEX 0,AND 0
2588,DEC 0,HEX 0,AND 0
2589,DEC 0,HEX 0,AND 0
2590,DEC 0,HEX 0,AND 0
2591,DEC 0,HEX 0,AND 0
2592,DEC 0,HEX 0,AND 0
2593,DEC 0,HEX 0,AND 0
2594,DEC 0,HEX 0,AND 0
2595,DEC 0,HEX 0,AND 0
2596,DEC 0,HEX 0,AND 0
2597,DEC 0,HEX 0,AND 0
2598,DEC 0,HEX 0,AND 0
2599,DEC 0,HEX 0,AND 0
2600,DEC 0,HEX 0,AND 0
2601,DEC 0,HEX 0,AND 0
2602,DEC 0,HEX 0,AND 0
2603,DEC 0,HEX 0,AND 0
2604,DEC 0,HEX 0,AND 0
2605,DEC 0,HEX 0,AND 0
2606,DEC 0,HEX 0,AND 0
2607,DEC 0,HEX 0,AND 0
2608,DEC 0,HEX 0,AND 0
2609,DEC 0,HEX 0,AND 0
2610,DEC 0,HEX 0,AND 0
2611,DEC 0,HEX 0,AND 0
2612,DEC 0,HEX 0,AND 0
2613,DEC 0,HEX 0,AND 0
2614,DEC 0,HEX 0,AND 0
2615,DEC 0,HEX 0,AND 0
2616,DEC 0,HEX 0,AND 0
2617,DEC 0,HEX 0,AND 0
2618,DEC 0,HEX 0,AND 0
2619,DEC 0,HEX 0,AND 0
2620,DEC 0,HEX 0,AND 0
2621,DEC 0,HEX 0,AND 0
2622,DEC 0,HEX 0,AND 0
2623,DEC 0,HEX 0,AND 0
2624,DEC 0,HEX 0,AND 0
2625,DEC 0,HEX 0,AND 0
2626,DEC 0,HEX 0,AND 0
2627,DEC 0,HEX 0,AND 0
2628,DEC 0,HEX 0,AND 0
2629,DEC 0,HEX 0,AND 0
2630,DEC 0,HEX 0,AND 0
2631,DEC 0,HEX 0,AND 0
2632,DEC 0,HEX 0,AND 0
2633,DEC 0,HEX 0,AND 0
2634,DEC 0,HEX 0,AND 0
2635,DEC 0,HEX 0,AND 0
2636,DEC 0,HEX 0,AND 0
2637,DEC 0,HEX 0,AND 0
2638,DEC 0,HEX 0,AND 0
2639,DEC 0,HEX 0,AND 0
2640,DEC 0,HEX 0,AND 0
2641,DEC 0,HEX 0,AND 0
2642,DEC 0,HEX 0,AND 0
2643,DEC 0,HEX 0,AND 0
2644,DEC 0,HEX 0,AND 0
2645,DEC 0,HEX 0,AND 0
2646,DEC 0,HEX 0,AND 0
2647,DEC 0,HEX 0,AND 0
2648,DEC 0,HEX 0,AND 0
2649,DEC 0,HEX 0,AND 0
2650,DEC 0,HEX 0,AND 0
2651,DEC 0,HEX 0,AND 0
2652,DEC 0,HEX 0,AND 0
2653,DEC 0,HEX 0,AND 0
2654,DEC 0,HEX 0,AND 0
2655,DEC 0,HEX 0,AND 0
2656,DEC 0,HEX 0,AND 0
2657,DEC 0,HEX 0,AND 0
2658,DEC 0,HEX 0,AND 0
2659,DEC 0,HEX 0,AND 0
2660,DEC 0,HEX 0,AND 0
2661,DEC 0,HEX 0,AND 0
2662,DEC 0,HEX 0,AND 0
2663,DEC 0,HEX 0,AND 0
2664,DEC 0,HEX 0,AND 0
2665,DEC 0,HEX 0,AND 0
2666,DEC 0,HEX 0,AND 0
2667,DEC 0,HEX 0,AND 0
2668,DEC 0,HEX 0,AND 0
2669,DEC 0,HEX 0,AND 0
2670,DEC 0,HEX 0,AND 0
2671,DEC 0,HEX 0,AND 0
2672,DEC 0,HEX 0,AND 0
2673,DEC 0,HEX 0,AND 0
2674,DEC 0,HEX 0,AND 0
2675,DEC 0,HEX 0,AND 0
2676,DEC 0,HEX 0,AND 0
2677,DEC 0,HEX 0,AND 0
2678,DEC 0,HEX 0,AND 0
2679,DEC 0,HEX 0,AND 0
2680,DEC 0,HEX 0,AND 0
2681,DEC 0,HEX 0,AND 0
2682,DEC 0,HEX 0,AND 0
2683,DEC 0,HEX 0,AND 0
2684,DEC 0,HEX 0,AND 0
2685,DEC 0,HEX 0,AND 0
2686,DEC 0,HEX 0,AND 0
2687,DEC 0,HEX 0,AND 0
2688,DEC 0,HEX 0,AND 0
2689,DEC 0,HEX 0,AND 0
2690,DEC 0,HEX 0,AND 0
2691,DEC 0,HEX 0,AND 0
2692,DEC 0,HEX 0,AND 0
2693,DEC 0,HEX 0,AND 0
2694,DEC 0,HEX 0,AND 0
2695,DEC 0,HEX 0,AND 0
2696,DEC 0,HEX 0,AND 0
2697,DEC 0,HEX 0,AND 0
2698,DEC 0,HEX 0,AND 0
2699,DEC 0,HEX 0,AND 0
2700,DEC 0,HEX 0,AND 0
2701,DEC 0,HEX 0,AND 0
2702,DEC 0,HEX 0,AND 0
2703,DEC 0,HEX 0,AND 0
2704,DEC 0,HEX 0,AND 0
2705,DEC 0,HEX 0,AND 0
2706,DEC 0,HEX 0,AND 0
2707,DEC 0,HEX 0,AND 0
2708,DEC 0,HEX 0,AND 0
2709,DEC 0,HEX 0,AND 0
2710,DEC 0,HEX 0,AND 0
2711,DEC 0,HEX 0,AND 0
2712,DEC 0,HEX 0,AND 0
2713,DEC 0,HEX 0,AND 0
2714,DEC 0,HEX 0,AND 0
2715,DEC 0,HEX 0,AND 0
2716,DEC 0,HEX 0,AND 0
2717,DEC 0,HEX 0,AND 0
2718,DEC 0,HEX 0,AND 0
2719,DEC 0,HEX 0,AND 0
2720,DEC 0,HEX 0,AND 0
2721,DEC 0,HEX 0,AND 0
2722,DEC 0,HEX 0,AND 0
2723,DEC 0,HEX 0,AND 0
2724,DEC 0,HEX 0,AND 0
2725,DEC 0,HEX 0,AND 0
2726,DEC 0,HEX 0,AND 0
2727,DEC 0,HEX 0,AND 0
2728,DEC 0,HEX 0,AND 0
2729,DEC 0,HEX 0,AND 0
2730,DEC 0,HEX 0,AND 0
2731,DEC 0,HEX 0,AND 0
2732,DEC 0,HEX 0,AND 0
2733,DEC 0,HEX 0,AND 0
2734,DEC 0,HEX 0,AND 0
2735,DEC 0,HEX 0,AND 0
2736,DEC 0,HEX 0,AND 0
2737,DEC 0,HEX 0,AND 0
2738,DEC 0,HEX 0,AND 0
2739,DEC 0,HEX 0,AND 0
2740,DEC 0,HEX 0,AND 0
2741,DEC 0,HEX 0,AND 0
2742,DEC 0,HEX 0,AND 0
2743,DEC 0,HEX 0,AND 0
2744,DEC 0,HEX 0,AND 0
2745,DEC 0,HEX 0,AND 0
2746,DEC 0,HEX 0,AND 0
2747,DEC 0,HEX 0,AND 0
2748,DEC 0,HEX 0,AND 0
2749,DEC 0,HEX 0,AND 0
2750,DEC 0,HEX 0,AND 0
2751,DEC 0,HEX 0,AND 0
2752,DEC 0,HEX 0,AND 0
2753,DEC 0,HEX 0,AND 0
2754,DEC 0,HEX 0,AND 0
2755,DEC 0,HEX 0,AND 0
2756,DEC 0,HEX 0,AND 0
2757,DEC 0,HEX 0,AND 0
2758,DEC 0,HEX 0,AND 0
2759,DEC 0,HEX 0,AND 0
2760,DEC 0,HEX 0,AND 0
2761,DEC 0,HEX 0,AND 0
2762,DEC 0,HEX 0,AND 0
2763,DEC 0,HEX 0,AND 0
2764,DEC 0,HEX 0,AND 0
2765,DEC 0,HEX 0,AND 0
2766,DEC 0,HEX 0,AND 0
2767,DEC 0,HEX 0,AND 0
2768,DEC 0,HEX 0,AND 0
2769,DEC 0,HEX 0,AND 0
2770,DEC 0,HEX 0,AND 0
2771,DEC 0,HEX 0,AND 0
2772,DEC 0,HEX 0,AND 0
2773,DEC 0,HEX 0,AND 0
2774,DEC 0,HEX 0,AND 0
2775,DEC 0,HEX 0,AND 0
2776,DEC 0,HEX 0,AND 0
2777,DEC 0,HEX 0,AND 0
2778,DEC 0,HEX 0,AND 0
2779,DEC 0,HEX 0,AND 0
2780,DEC 0,HEX 0,AND 0
2781,DEC 0,HEX 0,AND 0
2782,DEC 0,HEX 0,AND 0
2783,DEC 0,HEX 0,AND 0
2784,DEC 0,HEX 0,AND 0
2785,DEC 0,HEX 0,AND 0
2786,DEC 0,HEX 0,AND 0
2787,DEC 0,HEX 0,AND 0
2788,DEC 0,HEX 0,AND 0
2789,DEC 0,HEX 0,AND 0
2790,DEC 0,HEX 0,AND 0
2791,DEC 0,HEX 0,AND 0
2792,DEC 0,HEX 0,AND 0
2793,DEC 0,HEX 0,AND 0
2794,DEC 0,HEX 0,AND 0
2795,DEC 0,HEX 0,AND 0
2796,DEC 0,HEX 0,AND 0
2797,DEC 0,HEX 0,AND 0
2798,DEC 0,HEX 0,AND 0
2799,DEC 0,HEX 0,AND 0
2800,DEC 0,HEX 0,AND 0
2801,DEC 0,HEX 0,AND 0
2802,DEC 0,HEX 0,AND 0
2803,DEC 0,HEX 0,AND 0
2804,DEC 0,HEX 0,AND 0
2805,DEC 0,HEX 0,AND 0
2806,DEC 0,HEX 0,AND 0
2807,DEC 0,HEX 0,AND 0
2808,DEC 0,HEX 0,AND 0
2809,DEC 0,HEX 0,AND 0
2810,DEC 0,HEX 0,AND 0
2811,DEC 0,HEX 0,AND 0
2812,DEC 0,HEX 0,AND 0
2813,DEC 0,HEX 0,AND 0
2814,DEC 0,HEX 0,AND 0
2815,DEC 0,HEX 0,AND 0
2816,DEC 0,HEX 0,AND 0
2817,DEC 0,HEX 0,AND 0
2818,DEC 0,HEX 0,AND 0
2819,DEC 0,HEX 0,AND 0
2820,DEC 0,HEX 0,AND 0
2821,DEC 0,HEX 0,AND 0
2822,DEC 0,HEX 0,AND 0
2823,DEC 0,HEX 0,AND 0
2824,DEC 0,HEX 0,AND 0
2825,DEC 0,HEX 0,AND 0
2826,DEC 0,HEX 0,AND 0
2827,DEC 0,HEX 0,AND 0
2828,DEC 0,HEX 0,AND 0
2829,DEC 0,HEX 0,AND 0
2830,DEC 0,HEX 0,AND 0
2831,DEC 0,HEX 0,AND 0
2832,DEC 0,HEX 0,AND 0
2833,DEC 0,HEX 0,AND 0
2834,DEC 0,HEX 0,AND 0
2835,DEC 0,HEX 0,AND 0
2836,DEC 0,HEX 0,AND 0
2837,DEC 0,HEX 0,AND 0
2838,DEC 0,HEX 0,AND 0
2839,DEC 0,HEX 0,AND 0
2840,DEC 0,HEX 0,AND 0
2841,DEC 0,HEX 0,AND 0
2842,DEC 0,HEX 0,AND 0
2843,DEC 0,HEX 0,AND 0
2844,DEC 0,HEX 0,AND 0
2845,DEC 0,HEX 0,AND 0
2846,DEC 0,HEX 0,AND 0
2847,DEC 0,HEX 0,AND 0
2848,DEC 0,HEX 0,AND 0
2849,DEC 0,HEX 0,AND 0
2850,DEC 0,HEX 0,AND 0
2851,DEC 0,HEX 0,AND 0
2852,DEC 0,HEX 0,AND 0
2853,DEC 0,HEX 0,AND 0
2854,DEC 0,HEX 0,AND 0
2855,DEC 0,HEX 0,AND 0
2856,DEC 0,HEX 0,AND 0
2857,DEC 0,HEX 0,AND 0
2858,DEC 0,HEX 0,AND 0
2859,DEC 0,HEX 0,AND 0
2860,DEC 0,HEX 0,AND 0
2861,DEC 0,HEX 0,AND 0
2862,DEC 0,HEX 0,AND 0
2863,DEC 0,HEX 0,AND 0
2864,DEC 0,HEX 0,AND 0
2865,DEC 0,HEX 0,AND 0
2866,DEC 0,HEX 0,AND 0
2867,DEC 0,HEX 0,AND 0
2868,DEC 0,HEX 0,AND 0
2869,DEC 0,HEX 0,AND 0
2870,DEC 0,HEX 0,AND 0
2871,DEC 0,HEX 0,AND 0
2872,DEC 0,HEX 0,AND 0
2873,DEC 0,HEX 0,AND 0
2874,DEC 0,HEX 0,AND 0
2875,DEC 0,HEX 0,AND 0
2876,DEC 0,HEX 0,AND 0
2877,DEC 0,HEX 0,AND 0
2878,DEC 0,HEX 0,AND 0
2879,DEC 0,HEX 0,AND 0
2880,DEC 0,HEX 0,AND 0
2881,DEC 0,HEX 0,AND 0
2882,DEC 0,HEX 0,AND 0
2883,DEC 0,HEX 0,AND 0
2884,DEC 0,HEX 0,AND 0
2885,DEC 0,HEX 0,AND 0
2886,DEC 0,HEX 0,AND 0
2887,DEC 0,HEX 0,AND 0
2888,DEC 0,HEX 0,AND 0
2889,DEC 0,HEX 0,AND 0
2890,DEC 0,HEX 0,AND 0
2891,DEC 0,HEX 0,AND 0
2892,DEC 0,HEX 0,AND 0
2893,DEC 0,HEX 0,AND 0
2894,DEC 0,HEX 0,AND 0
2895,DEC 0,HEX 0,AND 0
2896,DEC 0,HEX 0,AND 0
2897,DEC 0,HEX 0,AND 0
2898,DEC 0,HEX 0,AND 0
2899,DEC 0,HEX 0,AND 0
2900,DEC 0,HEX 0,AND 0
2901,DEC 0,HEX 0,AND 0
2902,DEC 0,HEX 0,AND 0
2903,DEC 0,HEX 0,AND 0
2904,DEC 0,HEX 0,AND 0
2905,DEC 0,HEX 0,AND 0
2906,DEC 0,HEX 0,AND 0
2907,DEC 0,HEX 0,AND 0
2908,DEC 0,HEX 0,AND 0
2909,DEC 0,HEX 0,AND 0
2910,DEC 0,HEX 0,AND 0
2911,DEC 0,HEX 0,AND 0
2912,DEC 0,HEX 0,AND 0
2913,DEC 0,HEX 0,AND 0
2914,DEC 0,HEX 0,AND 0
2915,DEC 0,HEX 0,AND 0
2916,DEC 0,HEX 0,AND 0
2917,DEC 0,HEX 0,AND 0
2918,DEC 0,HEX 0,AND 0
2919,DEC 0,HEX 0,AND 0
2920,DEC 0,HEX 0,AND 0
2921,DEC 0,HEX 0,AND 0
2922,DEC 0,HEX 0,AND 0
2923,DEC 0,HEX 0,AND 0
2924,DEC 0,HEX 0,AND 0
2925,DEC 0,HEX 0,AND 0
2926,DEC 0,HEX 0,AND 0
2927,DEC 0,HEX 0,AND 0
2928,DEC 0,HEX 0,AND 0
2929,DEC 0,HEX 0,AND 0
2930,DEC 0,HEX 0,AND 0
2931,DEC 0,HEX 0,AND 0
2932,DEC 0,HEX 0,AND 0
2933,DEC 0,HEX 0,AND 0
2934,DEC 0,HEX 0,AND 0
2935,DEC 0,HEX 0,AND 0
2936,DEC 0,HEX 0,AND 0
2937,DEC 0,HEX 0,AND 0
2938,DEC 0,HEX 0,AND 0
2939,DEC 0,HEX 0,AND 0
2940,DEC 0,HEX 0,AND 0
2941,DEC 0,HEX 0,AND 0
2942,DEC 0,HEX 0,AND 0
2943,DEC 0,HEX 0,AND 0
2944,DEC 0,HEX 0,AND 0
2945,DEC 0,HEX 0,AND 0
2946,DEC 0,HEX 0,AND 0
2947,DEC 0,HEX 0,AND 0
2948,DEC 0,HEX 0,AND 0
2949,DEC 0,HEX 0,AND 0
2950,DEC 0,HEX 0,AND 0
2951,DEC 0,HEX 0,AND 0
2952,DEC 0,HEX 0,AND 0
2953,DEC 0,HEX 0,AND 0
2954,DEC 0,HEX 0,AND 0
2955,DEC 0,HEX 0,AND 0
2956,DEC 0,HEX 0,AND 0
2957,DEC 0,HEX 0,AND 0
2958,DEC 0,HEX 0,AND 0
2959,DEC 0,HEX 0,AND 0
2960,DEC 0,HEX 0,AND 0
2961,DEC 0,HEX 0,AND 0
2962,DEC 0,HEX 0,AND 0
2963,DEC 0,HEX 0,AND 0
2964,DEC 0,HEX 0,AND 0
2965,DEC 0,HEX 0,AND 0
2966,DEC 0,HEX 0,AND 0
2967,DEC 0,HEX 0,AND 0
2968,DEC 0,HEX 0,AND 0
2969,DEC 0,HEX 0,AND 0
2970,DEC 0,HEX 0,AND 0
2971,DEC 0,HEX 0,AND 0
2972,DEC 0,HEX 0,AND 0
2973,DEC 0,HEX 0,AND 0
2974,DEC 0,HEX 0,AND 0
2975,DEC 0,HEX 0,AND 0
2976,DEC 0,HEX 0,AND 0
2977,DEC 0,HEX 0,AND 0
2978,DEC 0,HEX 0,AND 0
2979,DEC 0,HEX 0,AND 0
2980,DEC 0,HEX 0,AND 0
2981,DEC 0,HEX 0,AND 0
2982,DEC 0,HEX 0,AND 0
2983,DEC 0,HEX 0,AND 0
2984,DEC 0,HEX 0,AND 0
2985,DEC 0,HEX 0,AND 0
2986,DEC 0,HEX 0,AND 0
2987,DEC 0,HEX 0,AND 0
2988,DEC 0,HEX 0,AND 0
2989,DEC 0,HEX 0,AND 0
2990,DEC 0,HEX 0,AND 0
2991,DEC 0,HEX 0,AND 0
2992,DEC 0,HEX 0,AND 0
2993,DEC 0,HEX 0,AND 0
2994,DEC 0,HEX 0,AND 0
2995,DEC 0,HEX 0,AND 0
2996,DEC 0,HEX 0,AND 0
2997,DEC 0,HEX 0,AND 0
2998,DEC 0,HEX 0,AND 0
2999,DEC 0,HEX 0,AND 0
3000,DEC 0,HEX 0,AND 0
3001,DEC 0,HEX 0,AND 0
3002,DEC 0,HEX 0,AND 0
3003,DEC 0,HEX 0,AND 0
3004,DEC 0,HEX 0,AND 0
3005,DEC 0,HEX 0,AND 0
3006,DEC 0,HEX 0,AND 0
3007,DEC 0,HEX 0,AND 0
3008,DEC 0,HEX 0,AND 0
3009,DEC 0,HEX 0,AND 0
3010,DEC 0,HEX 0,AND 0
3011,DEC 0,HEX 0,AND 0
3012,DEC 0,HEX 0,AND 0
3013,DEC 0,HEX 0,AND 0
3014,DEC 0,HEX 0,AND 0
3015,DEC 0,HEX 0,AND 0
3016,DEC 0,HEX 0,AND 0
3017,DEC 0,HEX 0,AND 0
3018,DEC 0,HEX 0,AND 0
3019,DEC 0,HEX 0,AND 0
3020,DEC 0,HEX 0,AND 0
3021,DEC 0,HEX 0,AND 0
3022,DEC 0,HEX 0,AND 0
3023,DEC 0,HEX 0,AND 0
3024,DEC 0,HEX 0,AND 0
3025,DEC 0,HEX 0,AND 0
3026,DEC 0,HEX 0,AND 0
3027,DEC 0,HEX 0,AND 0
3028,DEC 0,HEX 0,AND 0
3029,DEC 0,HEX 0,AND 0
3030,DEC 0,HEX 0,AND 0
3031,DEC 0,HEX 0,AND 0
3032,DEC 0,HEX 0,AND 0
3033,DEC 0,HEX 0,AND 0
3034,DEC 0,HEX 0,AND 0
3035,DEC 0,HEX 0,AND 0
3036,DEC 0,HEX 0,AND 0
3037,DEC 0,HEX 0,AND 0
3038,DEC 0,HEX 0,AND 0
3039,DEC 0,HEX 0,AND 0
3040,DEC 0,HEX 0,AND 0
3041,DEC 0,HEX 0,AND 0
3042,DEC 0,HEX 0,AND 0
3043,DEC 0,HEX 0,AND 0
3044,DEC 0,HEX 0,AND 0
3045,DEC 0,HEX 0,AND 0
3046,DEC 0,HEX 0,AND 0
3047,DEC 0,HEX 0,AND 0
3048,DEC 0,HEX 0,AND 0
3049,DEC 0,HEX 0,AND 0
3050,DEC 0,HEX 0,AND 0
3051,DEC 0,HEX 0,AND 0
3052,DEC 0,HEX 0,AND 0
3053,DEC 0,HEX 0,AND 0
3054,DEC 0,HEX 0,AND 0
3055,DEC 0,HEX 0,AND 0
3056,DEC 0,HEX 0,AND 0
3057,DEC 0,HEX 0,AND 0
3058,DEC 0,HEX 0,AND 0
3059,DEC 0,HEX 0,AND 0
3060,DEC 0,HEX 0,AND 0
3061,DEC 0,HEX 0,AND 0
3062,DEC 0,HEX 0,AND 0
3063,DEC 0,HEX 0,AND 0
3064,DEC 0,HEX 0,AND 0
3065,DEC 0,HEX 0,AND 0
3066,DEC 0,HEX 0,AND 0
3067,DEC 0,HEX 0,AND 0
3068,DEC 0,HEX 0,AND 0
3069,DEC 0,HEX 0,AND 0
3070,DEC 0,HEX 0,AND 0
3071,DEC 0,HEX 0,AND 0
3072,DEC 0,HEX 0,AND 0
3073,DEC 0,HEX 0,AND 0
3074,DEC 0,HEX 0,AND 0
3075,DEC 0,HEX 0,AND 0
3076,DEC 0,HEX 0,AND 0
3077,DEC 0,HEX 0,AND 0
3078,DEC 0,HEX 0,AND 0
3079,DEC 0,HEX 0,AND 0
3080,DEC 0,HEX 0,AND 0
3081,DEC 0,HEX 0,AND 0
3082,DEC 0,HEX 0,AND 0
3083,DEC 0,HEX 0,AND 0
3084,DEC 0,HEX 0,AND 0
3085,DEC 0,HEX 0,AND 0
3086,DEC 0,HEX 0,AND 0
3087,DEC 0,HEX 0,AND 0
3088,DEC 0,HEX 0,AND 0
3089,DEC 0,HEX 0,AND 0
3090,DEC 0,HEX 0,AND 0
3091,DEC 0,HEX 0,AND 0
3092,DEC 0,HEX 0,AND 0
3093,DEC 0,HEX 0,AND 0
3094,DEC 0,HEX 0,AND 0
3095,DEC 0,HEX 0,AND 0
3096,DEC 0,HEX 0,AND 0
3097,DEC 0,HEX 0,AND 0
3098,DEC 0,HEX 0,AND 0
3099,DEC 0,HEX 0,AND 0
3100,DEC 0,HEX 0,AND 0
3101,DEC 0,HEX 0,AND 0
3102,DEC 0,HEX 0,AND 0
3103,DEC 0,HEX 0,AND 0
3104,DEC 0,HEX 0,AND 0
3105,DEC 0,HEX 0,AND 0
3106,DEC 0,HEX 0,AND 0
3107,DEC 0,HEX 0,AND 0
3108,DEC 0,HEX 0,AND 0
3109,DEC 0,HEX 0,AND 0
3110,DEC 0,HEX 0,AND 0
3111,DEC 0,HEX 0,AND 0
3112,DEC 0,HEX 0,AND 0
3113,DEC 0,HEX 0,AND 0
3114,DEC 0,HEX 0,AND 0
3115,DEC 0,HEX 0,AND 0
3116,DEC 0,HEX 0,AND 0
3117,DEC 0,HEX 0,AND 0
3118,DEC 0,HEX 0,AND 0
3119,DEC 0,HEX 0,AND 0
3120,DEC 0,HEX 0,AND 0
3121,DEC 0,HEX 0,AND 0
3122,DEC 0,HEX 0,AND 0
3123,DEC 0,HEX 0,AND 0
3124,DEC 0,HEX 0,AND 0
3125,DEC 0,HEX 0,AND 0
3126,DEC 0,HEX 0,AND 0
3127,DEC 0,HEX 0,AND 0
3128,DEC 0,HEX 0,AND 0
3129,DEC 0,HEX 0,AND 0
3130,DEC 0,HEX 0,AND 0
3131,DEC 0,HEX 0,AND 0
3132,DEC 0,HEX 0,AND 0
3133,DEC 0,HEX 0,AND 0
3134,DEC 0,HEX 0,AND 0
3135,DEC 0,HEX 0,AND 0
3136,DEC 0,HEX 0,AND 0
3137,DEC 0,HEX 0,AND 0
3138,DEC 0,HEX 0,AND 0
3139,DEC 0,HEX 0,AND 0
3140,DEC 0,HEX 0,AND 0
3141,DEC 0,HEX 0,AND 0
3142,DEC 0,HEX 0,AND 0
3143,DEC 0,HEX 0,AND 0
3144,DEC 0,HEX 0,AND 0
3145,DEC 0,HEX 0,AND 0
3146,DEC 0,HEX 0,AND 0
3147,DEC 0,HEX 0,AND 0
3148,DEC 0,HEX 0,AND 0
3149,DEC 0,HEX 0,AND 0
3150,DEC 0,HEX 0,AND 0
3151,DEC 0,HEX 0,AND 0
3152,DEC 0,HEX 0,AND 0
3153,DEC 0,HEX 0,AND 0
3154,DEC 0,HEX 0,AND 0
3155,DEC 0,HEX 0,AND 0
3156,DEC 0,HEX 0,AND 0
3157,DEC 0,HEX 0,AND 0
3158,DEC 0,HEX 0,AND 0
3159,DEC 0,HEX 0,AND 0
3160,DEC 0,HEX 0,AND 0
3161,DEC 0,HEX 0,AND 0
3162,DEC 0,HEX 0,AND 0
3163,DEC 0,HEX 0,AND 0
3164,DEC 0,HEX 0,AND 0
3165,DEC 0,HEX 0,AND 0
3166,DEC 0,HEX 0,AND 0
3167,DEC 0,HEX 0,AND 0
3168,DEC 0,HEX 0,AND 0
3169,DEC 0,HEX 0,AND 0
3170,DEC 0,HEX 0,AND 0
3171,DEC 0,HEX 0,AND 0
3172,DEC 0,HEX 0,AND 0
3173,DEC 0,HEX 0,AND 0
3174,DEC 0,HEX 0,AND 0
3175,DEC 0,HEX 0,AND 0
3176,DEC 0,HEX 0,AND 0
3177,DEC 0,HEX 0,AND 0
3178,DEC 0,HEX 0,AND 0
3179,DEC 0,HEX 0,AND 0
3180,DEC 0,HEX 0,AND 0
3181,DEC 0,HEX 0,AND 0
3182,DEC 0,HEX 0,AND 0
3183,DEC 0,HEX 0,AND 0
3184,DEC 0,HEX 0,AND 0
3185,DEC 0,HEX 0,AND 0
3186,DEC 0,HEX 0,AND 0
3187,DEC 0,HEX 0,AND 0
3188,DEC 0,HEX 0,AND 0
3189,DEC 0,HEX 0,AND 0
3190,DEC 0,HEX 0,AND 0
3191,DEC 0,HEX 0,AND 0
3192,DEC 0,HEX 0,AND 0
3193,DEC 0,HEX 0,AND 0
3194,DEC 0,HEX 0,AND 0
3195,DEC 0,HEX 0,AND 0
3196,DEC 0,HEX 0,AND 0
3197,DEC 0,HEX 0,AND 0
3198,DEC 0,HEX 0,AND 0
3199,DEC 0,HEX 0,AND 0
3200,DEC 0,HEX 0,AND 0
3201,DEC 0,HEX 0,AND 0
3202,DEC 0,HEX 0,AND 0
3203,DEC 0,HEX 0,AND 0
3204,DEC 0,HEX 0,AND 0
3205,DEC 0,HEX 0,AND 0
3206,DEC 0,HEX 0,AND 0
3207,DEC 0,HEX 0,AND 0
3208,DEC 0,HEX 0,AND 0
3209,DEC 0,HEX 0,AND 0
3210,DEC 0,HEX 0,AND 0
3211,DEC 0,HEX 0,AND 0
3212,DEC 0,HEX 0,AND 0
3213,DEC 0,HEX 0,AND 0
3214,DEC 0,HEX 0,AND 0
3215,DEC 0,HEX 0,AND 0
3216,DEC 0,HEX 0,AND 0
3217,DEC 0,HEX 0,AND 0
3218,DEC 0,HEX 0,AND 0
3219,DEC 0,HEX 0,AND 0
3220,DEC 0,HEX 0,AND 0
3221,DEC 0,HEX 0,AND 0
3222,DEC 0,HEX 0,AND 0
3223,DEC 0,HEX 0,AND 0
3224,DEC 0,HEX 0,AND 0
3225,DEC 0,HEX 0,AND 0
3226,DEC 0,HEX 0,AND 0
3227,DEC 0,HEX 0,AND 0
3228,DEC 0,HEX 0,AND 0
3229,DEC 0,HEX 0,AND 0
3230,DEC 0,HEX 0,AND 0
3231,DEC 0,HEX 0,AND 0
3232,DEC 0,HEX 0,AND 0
3233,DEC 0,HEX 0,AND 0
3234,DEC 0,HEX 0,AND 0
3235,DEC 0,HEX 0,AND 0
3236,DEC 0,HEX 0,AND 0
3237,DEC 0,HEX 0,AND 0
3238,DEC 0,HEX 0,AND 0
3239,DEC 0,HEX 0,AND 0
3240,DEC 0,HEX 0,AND 0
3241,DEC 0,HEX 0,AND 0
3242,DEC 0,HEX 0,AND 0
3243,DEC 0,HEX 0,AND 0
3244,DEC 0,HEX 0,AND 0
3245,DEC 0,HEX 0,AND 0
3246,DEC 0,HEX 0,AND 0
3247,DEC 0,HEX 0,AND 0
3248,DEC 0,HEX 0,AND 0
3249,DEC 0,HEX 0,AND 0
3250,DEC 0,HEX 0,AND 0
3251,DEC 0,HEX 0,AND 0
3252,DEC 0,HEX 0,AND 0
3253,DEC 0,HEX 0,AND 0
3254,DEC 0,HEX 0,AND 0
3255,DEC 0,HEX 0,AND 0
3256,DEC 0,HEX 0,AND 0
3257,DEC 0,HEX 0,AND 0
3258,DEC 0,HEX 0,AND 0
3259,DEC 0,HEX 0,AND 0
3260,DEC 0,HEX 0,AND 0
3261,DEC 0,HEX 0,AND 0
3262,DEC 0,HEX 0,AND 0
3263,DEC 0,HEX 0,AND 0
3264,DEC 0,HEX 0,AND 0
3265,DEC 0,HEX 0,AND 0
3266,DEC 0,HEX 0,AND 0
3267,DEC 0,HEX 0,AND 0
3268,DEC 0,HEX 0,AND 0
3269,DEC 0,HEX 0,AND 0
3270,DEC 0,HEX 0,AND 0
3271,DEC 0,HEX 0,AND 0
3272,DEC 0,HEX 0,AND 0
3273,DEC 0,HEX 0,AND 0
3274,DEC 0,HEX 0,AND 0
3275,DEC 0,HEX 0,AND 0
3276,DEC 0,HEX 0,AND 0
3277,DEC 0,HEX 0,AND 0
3278,DEC 0,HEX 0,AND 0
3279,DEC 0,HEX 0,AND 0
3280,DEC 0,HEX 0,AND 0
3281,DEC 0,HEX 0,AND 0
3282,DEC 0,HEX 0,AND 0
3283,DEC 0,HEX 0,AND 0
3284,DEC 0,HEX 0,AND 0
3285,DEC 0,HEX 0,AND 0
3286,DEC 0,HEX 0,AND 0
3287,DEC 0,HEX 0,AND 0
3288,DEC 0,HEX 0,AND 0
3289,DEC 0,HEX 0,AND 0
3290,DEC 0,HEX 0,AND 0
3291,DEC 0,HEX 0,AND 0
3292,DEC 0,HEX 0,AND 0
3293,DEC 0,HEX 0,AND 0
3294,DEC 0,HEX 0,AND 0
3295,DEC 0,HEX 0,AND 0
3296,DEC 0,HEX 0,AND 0
3297,DEC 0,HEX 0,AND 0
3298,DEC 0,HEX 0,AND 0
3299,DEC 0,HEX 0,AND 0
3300,DEC 0,HEX 0,AND 0
3301,DEC 0,HEX 0,AND 0
3302,DEC 0,HEX 0,AND 0
3303,DEC 0,HEX 0,AND 0
3304,DEC 0,HEX 0,AND 0
3305,DEC 0,HEX 0,AND 0
3306,DEC 0,HEX 0,AND 0
3307,DEC 0,HEX 0,AND 0
3308,DEC 0,HEX 0,AND 0
3309,DEC 0,HEX 0,AND 0
3310,DEC 0,HEX 0,AND 0
3311,DEC 0,HEX 0,AND 0
3312,DEC 0,HEX 0,AND 0
3313,DEC 0,HEX 0,AND 0
3314,DEC 0,HEX 0,AND 0
3315,DEC 0,HEX 0,AND 0
3316,DEC 0,HEX 0,AND 0
3317,DEC 0,HEX 0,AND 0
3318,DEC 0,HEX 0,AND 0
3319,DEC 0,HEX 0,AND 0
3320,DEC 0,HEX 0,AND 0
3321,DEC 0,HEX 0,AND 0
3322,DEC 0,HEX 0,AND 0
3323,DEC 0,HEX 0,AND 0
3324,DEC 0,HEX 0,AND 0
3325,DEC 0,HEX 0,AND 0
3326,DEC 0,HEX 0,AND 0
3327,DEC 0,HEX 0,AND 0
3328,DEC 0,HEX 0,AND 0
3329,DEC 0,HEX 0,AND 0
3330,DEC 0,HEX 0,AND 0
3331,DEC 0,HEX 0,AND 0
3332,DEC 0,HEX 0,AND 0
3333,DEC 0,HEX 0,AND 0
3334,DEC 0,HEX 0,AND 0
3335,DEC 0,HEX 0,AND 0
3336,DEC 0,HEX 0,AND 0
3337,DEC 0,HEX 0,AND 0
3338,DEC 0,HEX 0,AND 0
3339,DEC 0,HEX 0,AND 0
3340,DEC 0,HEX 0,AND 0
3341,DEC 0,HEX 0,AND 0
3342,DEC 0,HEX 0,AND 0
3343,DEC 0,HEX 0,AND 0
3344,DEC 0,HEX 0,AND 0
3345,DEC 0,HEX 0,AND 0
3346,DEC 0,HEX 0,AND 0
3347,DEC 0,HEX 0,AND 0
3348,DEC 0,HEX 0,AND 0
3349,DEC 0,HEX 0,AND 0
3350,DEC 0,HEX 0,AND 0
3351,DEC 0,HEX 0,AND 0
3352,DEC 0,HEX 0,AND 0
3353,DEC 0,HEX 0,AND 0
3354,DEC 0,HEX 0,AND 0
3355,DEC 0,HEX 0,AND 0
3356,DEC 0,HEX 0,AND 0
3357,DEC 0,HEX 0,AND 0
3358,DEC 0,HEX 0,AND 0
3359,DEC 0,HEX 0,AND 0
3360,DEC 0,HEX 0,AND 0
3361,DEC 0,HEX 0,AND 0
3362,DEC 0,HEX 0,AND 0
3363,DEC 0,HEX 0,AND 0
3364,DEC 0,HEX 0,AND 0
3365,DEC 0,HEX 0,AND 0
3366,DEC 0,HEX 0,AND 0
3367,DEC 0,HEX 0,AND 0
3368,DEC 0,HEX 0,AND 0
3369,DEC 0,HEX 0,AND 0
3370,DEC 0,HEX 0,AND 0
3371,DEC 0,HEX 0,AND 0
3372,DEC 0,HEX 0,AND 0
3373,DEC 0,HEX 0,AND 0
3374,DEC 0,HEX 0,AND 0
3375,DEC 0,HEX 0,AND 0
3376,DEC 0,HEX 0,AND 0
3377,DEC 0,HEX 0,AND 0
3378,DEC 0,HEX 0,AND 0
3379,DEC 0,HEX 0,AND 0
3380,DEC 0,HEX 0,AND 0
3381,DEC 0,HEX 0,AND 0
3382,DEC 0,HEX 0,AND 0
3383,DEC 0,HEX 0,AND 0
3384,DEC 0,HEX 0,AND 0
3385,DEC 0,HEX 0,AND 0
3386,DEC 0,HEX 0,AND 0
3387,DEC 0,HEX 0,AND 0
3388,DEC 0,HEX 0,AND 0
3389,DEC 0,HEX 0,AND 0
3390,DEC 0,HEX 0,AND 0
3391,DEC 0,HEX 0,AND 0
3392,DEC 0,HEX 0,AND 0
3393,DEC 0,HEX 0,AND 0
3394,DEC 0,HEX 0,AND 0
3395,DEC 0,HEX 0,AND 0
3396,DEC 0,HEX 0,AND 0
3397,DEC 0,HEX 0,AND 0
3398,DEC 0,HEX 0,AND 0
3399,DEC 0,HEX 0,AND 0
3400,DEC 0,HEX 0,AND 0
3401,DEC 0,HEX 0,AND 0
3402,DEC 0,HEX 0,AND 0
3403,DEC 0,HEX 0,AND 0
3404,DEC 0,HEX 0,AND 0
3405,DEC 0,HEX 0,AND 0
3406,DEC 0,HEX 0,AND 0
3407,DEC 0,HEX 0,AND 0
3408,DEC 0,HEX 0,AND 0
3409,DEC 0,HEX 0,AND 0
3410,DEC 0,HEX 0,AND 0
3411,DEC 0,HEX 0,AND 0
3412,DEC 0,HEX 0,AND 0
3413,DEC 0,HEX 0,AND 0
3414,DEC 0,HEX 0,AND 0
3415,DEC 0,HEX 0,AND 0
3416,DEC 0,HEX 0,AND 0
3417,DEC 0,HEX 0,AND 0
3418,DEC 0,HEX 0,AND 0
3419,DEC 0,HEX 0,AND 0
3420,DEC 0,HEX 0,AND 0
3421,DEC 0,HEX 0,AND 0
3422,DEC 0,HEX 0,AND 0
3423,DEC 0,HEX 0,AND 0
3424,DEC 0,HEX 0,AND 0
3425,DEC 0,HEX 0,AND 0
3426,DEC 0,HEX 0,AND 0
3427,DEC 0,HEX 0,AND 0
3428,DEC 0,HEX 0,AND 0
3429,DEC 0,HEX 0,AND 0
3430,DEC 0,HEX 0,AND 0
3431,DEC 0,HEX 0,AND 0
3432,DEC 0,HEX 0,AND 0
3433,DEC 0,HEX 0,AND 0
3434,DEC 0,HEX 0,AND 0
3435,DEC 0,HEX 0,AND 0
3436,DEC 0,HEX 0,AND 0
3437,DEC 0,HEX 0,AND 0
3438,DEC 0,HEX 0,AND 0
3439,DEC 0,HEX 0,AND 0
3440,DEC 0,HEX 0,AND 0
3441,DEC 0,HEX 0,AND 0
3442,DEC 0,HEX 0,AND 0
3443,DEC 0,HEX 0,AND 0
3444,DEC 0,HEX 0,AND 0
3445,DEC 0,HEX 0,AND 0
3446,DEC 0,HEX 0,AND 0
3447,DEC 0,HEX 0,AND 0
3448,DEC 0,HEX 0,AND 0
3449,DEC 0,HEX 0,AND 0
3450,DEC 0,HEX 0,AND 0
3451,DEC 0,HEX 0,AND 0
3452,DEC 0,HEX 0,AND 0
3453,DEC 0,HEX 0,AND 0
3454,DEC 0,HEX 0,AND 0
3455,DEC 0,HEX 0,AND 0
3456,DEC 0,HEX 0,AND 0
3457,DEC 0,HEX 0,AND 0
3458,DEC 0,HEX 0,AND 0
3459,DEC 0,HEX 0,AND 0
3460,DEC 0,HEX 0,AND 0
3461,DEC 0,HEX 0,AND 0
3462,DEC 0,HEX 0,AND 0
3463,DEC 0,HEX 0,AND 0
3464,DEC 0,HEX 0,AND 0
3465,DEC 0,HEX 0,AND 0
3466,DEC 0,HEX 0,AND 0
3467,DEC 0,HEX 0,AND 0
3468,DEC 0,HEX 0,AND 0
3469,DEC 0,HEX 0,AND 0
3470,DEC 0,HEX 0,AND 0
3471,DEC 0,HEX 0,AND 0
3472,DEC 0,HEX 0,AND 0
3473,DEC 0,HEX 0,AND 0
3474,DEC 0,HEX 0,AND 0
3475,DEC 0,HEX 0,AND 0
3476,DEC 0,HEX 0,AND 0
3477,DEC 0,HEX 0,AND 0
3478,DEC 0,HEX 0,AND 0
3479,DEC 0,HEX 0,AND 0
3480,DEC 0,HEX 0,AND 0
3481,DEC 0,HEX 0,AND 0
3482,DEC 0,HEX 0,AND 0
3483,DEC 0,HEX 0,AND 0
3484,DEC 0,HEX 0,AND 0
3485,DEC 0,HEX 0,AND 0
3486,DEC 0,HEX 0,AND 0
3487,DEC 0,HEX 0,AND 0
3488,DEC 0,HEX 0,AND 0
3489,DEC 0,HEX 0,AND 0
3490,DEC 0,HEX 0,AND 0
3491,DEC 0,HEX 0,AND 0
3492,DEC 0,HEX 0,AND 0
3493,DEC 0,HEX 0,AND 0
3494,DEC 0,HEX 0,AND 0
3495,DEC 0,HEX 0,AND 0
3496,DEC 0,HEX 0,AND 0
3497,DEC 0,HEX 0,AND 0
3498,DEC 0,HEX 0,AND 0
3499,DEC 0,HEX 0,AND 0
3500,DEC 0,HEX 0,AND 0
3501,DEC 0,HEX 0,AND 0
3502,DEC 0,HEX 0,AND 0
3503,DEC 0,HEX 0,AND 0
3504,DEC 0,HEX 0,AND 0
3505,DEC 0,HEX 0,AND 0
3506,DEC 0,HEX 0,AND 0
3507,DEC 0,HEX 0,AND 0
3508,DEC 0,HEX 0,AND 0
3509,DEC 0,HEX 0,AND 0
3510,DEC 0,HEX 0,AND 0
3511,DEC 0,HEX 0,AND 0
3512,DEC 0,HEX 0,AND 0
3513,DEC 0,HEX 0,AND 0
3514,DEC 0,HEX 0,AND 0
3515,DEC 0,HEX 0,AND 0
3516,DEC 0,HEX 0,AND 0
3517,DEC 0,HEX 0,AND 0
3518,DEC 0,HEX 0,AND 0
3519,DEC 0,HEX 0,AND 0
3520,DEC 0,HEX 0,AND 0
3521,DEC 0,HEX 0,AND 0
3522,DEC 0,HEX 0,AND 0
3523,DEC 0,HEX 0,AND 0
3524,DEC 0,HEX 0,AND 0
3525,DEC 0,HEX 0,AND 0
3526,DEC 0,HEX 0,AND 0
3527,DEC 0,HEX 0,AND 0
3528,DEC 0,HEX 0,AND 0
3529,DEC 0,HEX 0,AND 0
3530,DEC 0,HEX 0,AND 0
3531,DEC 0,HEX 0,AND 0
3532,DEC 0,HEX 0,AND 0
3533,DEC 0,HEX 0,AND 0
3534,DEC 0,HEX 0,AND 0
3535,DEC 0,HEX 0,AND 0
3536,DEC 0,HEX 0,AND 0
3537,DEC 0,HEX 0,AND 0
3538,DEC 0,HEX 0,AND 0
3539,DEC 0,HEX 0,AND 0
3540,DEC 0,HEX 0,AND 0
3541,DEC 0,HEX 0,AND 0
3542,DEC 0,HEX 0,AND 0
3543,DEC 0,HEX 0,AND 0
3544,DEC 0,HEX 0,AND 0
3545,DEC 0,HEX 0,AND 0
3546,DEC 0,HEX 0,AND 0
3547,DEC 0,HEX 0,AND 0
3548,DEC 0,HEX 0,AND 0
3549,DEC 0,HEX 0,AND 0
3550,DEC 0,HEX 0,AND 0
3551,DEC 0,HEX 0,AND 0
3552,DEC 0,HEX 0,AND 0
3553,DEC 0,HEX 0,AND 0
3554,DEC 0,HEX 0,AND 0
3555,DEC 0,HEX 0,AND 0
3556,DEC 0,HEX 0,AND 0
3557,DEC 0,HEX 0,AND 0
3558,DEC 0,HEX 0,AND 0
3559,DEC 0,HEX 0,AND 0
3560,DEC 0,HEX 0,AND 0
3561,DEC 0,HEX 0,AND 0
3562,DEC 0,HEX 0,AND 0
3563,DEC 0,HEX 0,AND 0
3564,DEC 0,HEX 0,AND 0
3565,DEC 0,HEX 0,AND 0
3566,DEC 0,HEX 0,AND 0
3567,DEC 0,HEX 0,AND 0
3568,DEC 0,HEX 0,AND 0
3569,DEC 0,HEX 0,AND 0
3570,DEC 0,HEX 0,AND 0
3571,DEC 0,HEX 0,AND 0
3572,DEC 0,HEX 0,AND 0
3573,DEC 0,HEX 0,AND 0
3574,DEC 0,HEX 0,AND 0
3575,DEC 0,HEX 0,AND 0
3576,DEC 0,HEX 0,AND 0
3577,DEC 0,HEX 0,AND 0
3578,DEC 0,HEX 0,AND 0
3579,DEC 0,HEX 0,AND 0
3580,DEC 0,HEX 0,AND 0
3581,DEC 0,HEX 0,AND 0
3582,DEC 0,HEX 0,AND 0
3583,DEC 0,HEX 0,AND 0
3584,DEC 0,HEX 0,AND 0
3585,DEC 0,HEX 0,AND 0
3586,DEC 0,HEX 0,AND 0
3587,DEC 0,HEX 0,AND 0
3588,DEC 0,HEX 0,AND 0
3589,DEC 0,HEX 0,AND 0
3590,DEC 0,HEX 0,AND 0
3591,DEC 0,HEX 0,AND 0
3592,DEC 0,HEX 0,AND 0
3593,DEC 0,HEX 0,AND 0
3594,DEC 0,HEX 0,AND 0
3595,DEC 0,HEX 0,AND 0
3596,DEC 0,HEX 0,AND 0
3597,DEC 0,HEX 0,AND 0
3598,DEC 0,HEX 0,AND 0
3599,DEC 0,HEX 0,AND 0
3600,DEC 0,HEX 0,AND 0
3601,DEC 0,HEX 0,AND 0
3602,DEC 0,HEX 0,AND 0
3603,DEC 0,HEX 0,AND 0
3604,DEC 0,HEX 0,AND 0
3605,DEC 0,HEX 0,AND 0
3606,DEC 0,HEX 0,AND 0
3607,DEC 0,HEX 0,AND 0
3608,DEC 0,HEX 0,AND 0
3609,DEC 0,HEX 0,AND 0
3610,DEC 0,HEX 0,AND 0
3611,DEC 0,HEX 0,AND 0
3612,DEC 0,HEX 0,AND 0
3613,DEC 0,HEX 0,AND 0
3614,DEC 0,HEX 0,AND 0
3615,DEC 0,HEX 0,AND 0
3616,DEC 0,HEX 0,AND 0
3617,DEC 0,HEX 0,AND 0
3618,DEC 0,HEX 0,AND 0
3619,DEC 0,HEX 0,AND 0
3620,DEC 0,HEX 0,AND 0
3621,DEC 0,HEX 0,AND 0
3622,DEC 0,HEX 0,AND 0
3623,DEC 0,HEX 0,AND 0
3624,DEC 0,HEX 0,AND 0
3625,DEC 0,HEX 0,AND 0
3626,DEC 0,HEX 0,AND 0
3627,DEC 0,HEX 0,AND 0
3628,DEC 0,HEX 0,AND 0
3629,DEC 0,HEX 0,AND 0
3630,DEC 0,HEX 0,AND 0
3631,DEC 0,HEX 0,AND 0
3632,DEC 0,HEX 0,AND 0
3633,DEC 0,HEX 0,AND 0
3634,DEC 0,HEX 0,AND 0
3635,DEC 0,HEX 0,AND 0
3636,DEC 0,HEX 0,AND 0
3637,DEC 0,HEX 0,AND 0
3638,DEC 0,HEX 0,AND 0
3639,DEC 0,HEX 0,AND 0
3640,DEC 0,HEX 0,AND 0
3641,DEC 0,HEX 0,AND 0
3642,DEC 0,HEX 0,AND 0
3643,DEC 0,HEX 0,AND 0
3644,DEC 0,HEX 0,AND 0
3645,DEC 0,HEX 0,AND 0
3646,DEC 0,HEX 0,AND 0
3647,DEC 0,HEX 0,AND 0
3648,DEC 0,HEX 0,AND 0
3649,DEC 0,HEX 0,AND 0
3650,DEC 0,HEX 0,AND 0
3651,DEC 0,HEX 0,AND 0
3652,DEC 0,HEX 0,AND 0
3653,DEC 0,HEX 0,AND 0
3654,DEC 0,HEX 0,AND 0
3655,DEC 0,HEX 0,AND 0
3656,DEC 0,HEX 0,AND 0
3657,DEC 0,HEX 0,AND 0
3658,DEC 0,HEX 0,AND 0
3659,DEC 0,HEX 0,AND 0
3660,DEC 0,HEX 0,AND 0
3661,DEC 0,HEX 0,AND 0
3662,DEC 0,HEX 0,AND 0
3663,DEC 0,HEX 0,AND 0
3664,DEC 0,HEX 0,AND 0
3665,DEC 0,HEX 0,AND 0
3666,DEC 0,HEX 0,AND 0
3667,DEC 0,HEX 0,AND 0
3668,DEC 0,HEX 0,AND 0
3669,DEC 0,HEX 0,AND 0
3670,DEC 0,HEX 0,AND 0
3671,DEC 0,HEX 0,AND 0
3672,DEC 0,HEX 0,AND 0
3673,DEC 0,HEX 0,AND 0
3674,DEC 0,HEX 0,AND 0
3675,DEC 0,HEX 0,AND 0
3676,DEC 0,HEX 0,AND 0
3677,DEC 0,HEX 0,AND 0
3678,DEC 0,HEX 0,AND 0
3679,DEC 0,HEX 0,AND 0
3680,DEC 0,HEX 0,AND 0
3681,DEC 0,HEX 0,AND 0
3682,DEC 0,HEX 0,AND 0
3683,DEC 0,HEX 0,AND 0
3684,DEC 0,HEX 0,AND 0
3685,DEC 0,HEX 0,AND 0
3686,DEC 0,HEX 0,AND 0
3687,DEC 0,HEX 0,AND 0
3688,DEC 0,HEX 0,AND 0
3689,DEC 0,HEX 0,AND 0
3690,DEC 0,HEX 0,AND 0
3691,DEC 0,HEX 0,AND 0
3692,DEC 0,HEX 0,AND 0
3693,DEC 0,HEX 0,AND 0
3694,DEC 0,HEX 0,AND 0
3695,DEC 0,HEX 0,AND 0
3696,DEC 0,HEX 0,AND 0
3697,DEC 0,HEX 0,AND 0
3698,DEC 0,HEX 0,AND 0
3699,DEC 0,HEX 0,AND 0
3700,DEC 0,HEX 0,AND 0
3701,DEC 0,HEX 0,AND 0
3702,DEC 0,HEX 0,AND 0
3703,DEC 0,HEX 0,AND 0
3704,DEC 0,HEX 0,AND 0
3705,DEC 0,HEX 0,AND 0
3706,DEC 0,HEX 0,AND 0
3707,DEC 0,HEX 0,AND 0
3708,DEC 0,HEX 0,AND 0
3709,DEC 0,HEX 0,AND 0
3710,DEC 0,HEX 0,AND 0
3711,DEC 0,HEX 0,AND 0
3712,DEC 0,HEX 0,AND 0
3713,DEC 0,HEX 0,AND 0
3714,DEC 0,HEX 0,AND 0
3715,DEC 0,HEX 0,AND 0
3716,DEC 0,HEX 0,AND 0
3717,DEC 0,HEX 0,AND 0
3718,DEC 0,HEX 0,AND 0
3719,DEC 0,HEX 0,AND 0
3720,DEC 0,HEX 0,AND 0
3721,DEC 0,HEX 0,AND 0
3722,DEC 0,HEX 0,AND 0
3723,DEC 0,HEX 0,AND 0
3724,DEC 0,HEX 0,AND 0
3725,DEC 0,HEX 0,AND 0
3726,DEC 0,HEX 0,AND 0
3727,DEC 0,HEX 0,AND 0
3728,DEC 0,HEX 0,AND 0
3729,DEC 0,HEX 0,AND 0
3730,DEC 0,HEX 0,AND 0
3731,DEC 0,HEX 0,AND 0
3732,DEC 0,HEX 0,AND 0
3733,DEC 0,HEX 0,AND 0
3734,DEC 0,HEX 0,AND 0
3735,DEC 0,HEX 0,AND 0
3736,DEC 0,HEX 0,AND 0
3737,DEC 0,HEX 0,AND 0
3738,DEC 0,HEX 0,AND 0
3739,DEC 0,HEX 0,AND 0
3740,DEC 0,HEX 0,AND 0
3741,DEC 0,HEX 0,AND 0
3742,DEC 0,HEX 0,AND 0
3743,DEC 0,HEX 0,AND 0
3744,DEC 0,HEX 0,AND 0
3745,DEC 0,HEX 0,AND 0
3746,DEC 0,HEX 0,AND 0
3747,DEC 0,HEX 0,AND 0
3748,DEC 0,HEX 0,AND 0
3749,DEC 0,HEX 0,AND 0
3750,DEC 0,HEX 0,AND 0
3751,DEC 0,HEX 0,AND 0
3752,DEC 0,HEX 0,AND 0
3753,DEC 0,HEX 0,AND 0
3754,DEC 0,HEX 0,AND 0
3755,DEC 0,HEX 0,AND 0
3756,DEC 0,HEX 0,AND 0
3757,DEC 0,HEX 0,AND 0
3758,DEC 0,HEX 0,AND 0
3759,DEC 0,HEX 0,AND 0
3760,DEC 0,HEX 0,AND 0
3761,DEC 0,HEX 0,AND 0
3762,DEC 0,HEX 0,AND 0
3763,DEC 0,HEX 0,AND 0
3764,DEC 0,HEX 0,AND 0
3765,DEC 0,HEX 0,AND 0
3766,DEC 0,HEX 0,AND 0
3767,DEC 0,HEX 0,AND 0
3768,DEC 0,HEX 0,AND 0
3769,DEC 0,HEX 0,AND 0
3770,DEC 0,HEX 0,AND 0
3771,DEC 0,HEX 0,AND 0
3772,DEC 0,HEX 0,AND 0
3773,DEC 0,HEX 0,AND 0
3774,DEC 0,HEX 0,AND 0
3775,DEC 0,HEX 0,AND 0
3776,DEC 0,HEX 0,AND 0
3777,DEC 0,HEX 0,AND 0
3778,DEC 0,HEX 0,AND 0
3779,DEC 0,HEX 0,AND 0
3780,DEC 0,HEX 0,AND 0
3781,DEC 0,HEX 0,AND 0
3782,DEC 0,HEX 0,AND 0
3783,DEC 0,HEX 0,AND 0
3784,DEC 0,HEX 0,AND 0
3785,DEC 0,HEX 0,AND 0
3786,DEC 0,HEX 0,AND 0
3787,DEC 0,HEX 0,AND 0
3788,DEC 0,HEX 0,AND 0
3789,DEC 0,HEX 0,AND 0
3790,DEC 0,HEX 0,AND 0
3791,DEC 0,HEX 0,AND 0
3792,DEC 0,HEX 0,AND 0
3793,DEC 0,HEX 0,AND 0
3794,DEC 0,HEX 0,AND 0
3795,DEC 0,HEX 0,AND 0
3796,DEC 0,HEX 0,AND 0
3797,DEC 0,HEX 0,AND 0
3798,DEC 0,HEX 0,AND 0
3799,DEC 0,HEX 0,AND 0
3800,DEC 0,HEX 0,AND 0
3801,DEC 0,HEX 0,AND 0
3802,DEC 0,HEX 0,AND 0
3803,DEC 0,HEX 0,AND 0
3804,DEC 0,HEX 0,AND 0
3805,DEC 0,HEX 0,AND 0
3806,DEC 0,HEX 0,AND 0
3807,DEC 0,HEX 0,AND 0
3808,DEC 0,HEX 0,AND 0
3809,DEC 0,HEX 0,AND 0
3810,DEC 0,HEX 0,AND 0
3811,DEC 0,HEX 0,AND 0
3812,DEC 0,HEX 0,AND 0
3813,DEC 0,HEX 0,AND 0
3814,DEC 0,HEX 0,AND 0
3815,DEC 0,HEX 0,AND 0
3816,DEC 0,HEX 0,AND 0
3817,DEC 0,HEX 0,AND 0
3818,DEC 0,HEX 0,AND 0
3819,DEC 0,HEX 0,AND 0
3820,DEC 0,HEX 0,AND 0
3821,DEC 0,HEX 0,AND 0
3822,DEC 0,HEX 0,AND 0
3823,DEC 0,HEX 0,AND 0
3824,DEC 0,HEX 0,AND 0
3825,DEC 0,HEX 0,AND 0
3826,DEC 0,HEX 0,AND 0
3827,DEC 0,HEX 0,AND 0
3828,DEC 0,HEX 0,AND 0
3829,DEC 0,HEX 0,AND 0
3830,DEC 0,HEX 0,AND 0
3831,DEC 0,HEX 0,AND 0
3832,DEC 0,HEX 0,AND 0
3833,DEC 0,HEX 0,AND 0
3834,DEC 0,HEX 0,AND 0
3835,DEC 0,HEX 0,AND 0
3836,DEC 0,HEX 0,AND 0
3837,DEC 0,HEX 0,AND 0
3838,DEC 0,HEX 0,AND 0
3839,DEC 0,HEX 0,AND 0
3840,DEC 0,HEX 0,AND 0
3841,DEC 0,HEX 0,AND 0
3842,DEC 0,HEX 0,AND 0
3843,DEC 0,HEX 0,AND 0
3844,DEC 0,HEX 0,AND 0
3845,DEC 0,HEX 0,AND 0
3846,DEC 0,HEX 0,AND 0
3847,DEC 0,HEX 0,AND 0
3848,DEC 0,HEX 0,AND 0
3849,DEC 0,HEX 0,AND 0
3850,DEC 0,HEX 0,AND 0
3851,DEC 0,HEX 0,AND 0
3852,DEC 0,HEX 0,AND 0
3853,DEC 0,HEX 0,AND 0
3854,DEC 0,HEX 0,AND 0
3855,DEC 0,HEX 0,AND 0
3856,DEC 0,HEX 0,AND 0
3857,DEC 0,HEX 0,AND 0
3858,DEC 0,HEX 0,AND 0
3859,DEC 0,HEX 0,AND 0
3860,DEC 0,HEX 0,AND 0
3861,DEC 0,HEX 0,AND 0
3862,DEC 0,HEX 0,AND 0
3863,DEC 0,HEX 0,AND 0
3864,DEC 0,HEX 0,AND 0
3865,DEC 0,HEX 0,AND 0
3866,DEC 0,HEX 0,AND 0
3867,DEC 0,HEX 0,AND 0
3868,DEC 0,HEX 0,AND 0
3869,DEC 0,HEX 0,AND 0
3870,DEC 0,HEX 0,AND 0
3871,DEC 0,HEX 0,AND 0
3872,DEC 0,HEX 0,AND 0
3873,DEC 0,HEX 0,AND 0
3874,DEC 0,HEX 0,AND 0
3875,DEC 0,HEX 0,AND 0
3876,DEC 0,HEX 0,AND 0
3877,DEC 0,HEX 0,AND 0
3878,DEC 0,HEX 0,AND 0
3879,DEC 0,HEX 0,AND 0
3880,DEC 0,HEX 0,AND 0
3881,DEC 0,HEX 0,AND 0
3882,DEC 0,HEX 0,AND 0
3883,DEC 0,HEX 0,AND 0
3884,DEC 0,HEX 0,AND 0
3885,DEC 0,HEX 0,AND 0
3886,DEC 0,HEX 0,AND 0
3887,DEC 0,HEX 0,AND 0
3888,DEC 0,HEX 0,AND 0
3889,DEC 0,HEX 0,AND 0
3890,DEC 0,HEX 0,AND 0
3891,DEC 0,HEX 0,AND 0
3892,DEC 0,HEX 0,AND 0
3893,DEC 0,HEX 0,AND 0
3894,DEC 0,HEX 0,AND 0
3895,DEC 0,HEX 0,AND 0
3896,DEC 0,HEX 0,AND 0
3897,DEC 0,HEX 0,AND 0
3898,DEC 0,HEX 0,AND 0
3899,DEC 0,HEX 0,AND 0
3900,DEC 0,HEX 0,AND 0
3901,DEC 0,HEX 0,AND 0
3902,DEC 0,HEX 0,AND 0
3903,DEC 0,HEX 0,AND 0
3904,DEC 0,HEX 0,AND 0
3905,DEC 0,HEX 0,AND 0
3906,DEC 0,HEX 0,AND 0
3907,DEC 0,HEX 0,AND 0
3908,DEC 0,HEX 0,AND 0
3909,DEC 0,HEX 0,AND 0
3910,DEC 0,HEX 0,AND 0
3911,DEC 0,HEX 0,AND 0
3912,DEC 0,HEX 0,AND 0
3913,DEC 0,HEX 0,AND 0
3914,DEC 0,HEX 0,AND 0
3915,DEC 0,HEX 0,AND 0
3916,DEC 0,HEX 0,AND 0
3917,DEC 0,HEX 0,AND 0
3918,DEC 0,HEX 0,AND 0
3919,DEC 0,HEX 0,AND 0
3920,DEC 0,HEX 0,AND 0
3921,DEC 0,HEX 0,AND 0
3922,DEC 0,HEX 0,AND 0
3923,DEC 0,HEX 0,AND 0
3924,DEC 0,HEX 0,AND 0
3925,DEC 0,HEX 0,AND 0
3926,DEC 0,HEX 0,AND 0
3927,DEC 0,HEX 0,AND 0
3928,DEC 0,HEX 0,AND 0
3929,DEC 0,HEX 0,AND 0
3930,DEC 0,HEX 0,AND 0
3931,DEC 0,HEX 0,AND 0
3932,DEC 0,HEX 0,AND 0
3933,DEC 0,HEX 0,AND 0
3934,DEC 0,HEX 0,AND 0
3935,DEC 0,HEX 0,AND 0
3936,DEC 0,HEX 0,AND 0
3937,DEC 0,HEX 0,AND 0
3938,DEC 0,HEX 0,AND 0
3939,DEC 0,HEX 0,AND 0
3940,DEC 0,HEX 0,AND 0
3941,DEC 0,HEX 0,AND 0
3942,DEC 0,HEX 0,AND 0
3943,DEC 0,HEX 0,AND 0
3944,DEC 0,HEX 0,AND 0
3945,DEC 0,HEX 0,AND 0
3946,DEC 0,HEX 0,AND 0
3947,DEC 0,HEX 0,AND 0
3948,DEC 0,HEX 0,AND 0
3949,DEC 0,HEX 0,AND 0
3950,DEC 0,HEX 0,AND 0
3951,DEC 0,HEX 0,AND 0
3952,DEC 0,HEX 0,AND 0
3953,DEC 0,HEX 0,AND 0
3954,DEC 0,HEX 0,AND 0
3955,DEC 0,HEX 0,AND 0
3956,DEC 0,HEX 0,AND 0
3957,DEC 0,HEX 0,AND 0
3958,DEC 